CREATE EXTENSION IF NOT EXISTS vector;

-- ----------------------------
-- 1、部门表
-- ----------------------------
DROP TABLE IF EXISTS gen_table_column CASCADE;
DROP TABLE IF EXISTS gen_table CASCADE;
DROP TABLE IF EXISTS sys_notice_read CASCADE;
DROP TABLE IF EXISTS sys_notice CASCADE;
DROP TABLE IF EXISTS sys_job_log CASCADE;
DROP TABLE IF EXISTS sys_job CASCADE;
DROP TABLE IF EXISTS sys_logininfor CASCADE;
DROP TABLE IF EXISTS sys_config CASCADE;
DROP TABLE IF EXISTS sys_dict_data CASCADE;
DROP TABLE IF EXISTS sys_dict_type CASCADE;
DROP TABLE IF EXISTS sys_oper_log CASCADE;
DROP TABLE IF EXISTS sys_user_post CASCADE;
DROP TABLE IF EXISTS sys_role_dept CASCADE;
DROP TABLE IF EXISTS sys_role_menu CASCADE;
DROP TABLE IF EXISTS sys_user_role CASCADE;
DROP TABLE IF EXISTS sys_menu CASCADE;
DROP TABLE IF EXISTS sys_role CASCADE;
DROP TABLE IF EXISTS sys_post CASCADE;
DROP TABLE IF EXISTS sys_user CASCADE;
DROP TABLE IF EXISTS sys_dept CASCADE;

CREATE TABLE sys_dept (
  dept_id       BIGINT GENERATED BY DEFAULT AS IDENTITY PRIMARY KEY,
  parent_id     BIGINT DEFAULT 0,
  ancestors     VARCHAR(50) DEFAULT '',
  dept_name     VARCHAR(30) DEFAULT '',
  order_num     INTEGER DEFAULT 0,
  leader        VARCHAR(20) DEFAULT NULL,
  phone         VARCHAR(11) DEFAULT NULL,
  email         VARCHAR(50) DEFAULT NULL,
  status        CHAR(1) DEFAULT '0',
  del_flag      CHAR(1) DEFAULT '0',
  create_by     VARCHAR(64) DEFAULT '',
  create_time   TIMESTAMP,
  update_by     VARCHAR(64) DEFAULT '',
  update_time   TIMESTAMP
);

-- ----------------------------
-- 初始化-部门表数据
-- ----------------------------
INSERT INTO sys_dept VALUES (100, 0, '0', '若依科技', 0, '若依', '15888888888', 'ry@qq.com', '0', '0', 'admin', CURRENT_TIMESTAMP, '', NULL);
INSERT INTO sys_dept VALUES (101, 100, '0,100', '深圳总公司', 1, '若依', '15888888888', 'ry@qq.com', '0', '0', 'admin', CURRENT_TIMESTAMP, '', NULL);
INSERT INTO sys_dept VALUES (102, 100, '0,100', '长沙分公司', 2, '若依', '15888888888', 'ry@qq.com', '0', '0', 'admin', CURRENT_TIMESTAMP, '', NULL);
INSERT INTO sys_dept VALUES (103, 101, '0,100,101', '研发部门', 1, '若依', '15888888888', 'ry@qq.com', '0', '0', 'admin', CURRENT_TIMESTAMP, '', NULL);
INSERT INTO sys_dept VALUES (104, 101, '0,100,101', '市场部门', 2, '若依', '15888888888', 'ry@qq.com', '0', '0', 'admin', CURRENT_TIMESTAMP, '', NULL);
INSERT INTO sys_dept VALUES (105, 101, '0,100,101', '测试部门', 3, '若依', '15888888888', 'ry@qq.com', '0', '0', 'admin', CURRENT_TIMESTAMP, '', NULL);
INSERT INTO sys_dept VALUES (106, 101, '0,100,101', '财务部门', 4, '若依', '15888888888', 'ry@qq.com', '0', '0', 'admin', CURRENT_TIMESTAMP, '', NULL);
INSERT INTO sys_dept VALUES (107, 101, '0,100,101', '运维部门', 5, '若依', '15888888888', 'ry@qq.com', '0', '0', 'admin', CURRENT_TIMESTAMP, '', NULL);
INSERT INTO sys_dept VALUES (108, 102, '0,100,102', '市场部门', 1, '若依', '15888888888', 'ry@qq.com', '0', '0', 'admin', CURRENT_TIMESTAMP, '', NULL);
INSERT INTO sys_dept VALUES (109, 102, '0,100,102', '财务部门', 2, '若依', '15888888888', 'ry@qq.com', '0', '0', 'admin', CURRENT_TIMESTAMP, '', NULL);

-- ----------------------------
-- 2、用户信息表
-- ----------------------------
CREATE TABLE sys_user (
  user_id           BIGINT GENERATED BY DEFAULT AS IDENTITY PRIMARY KEY,
  dept_id           BIGINT DEFAULT NULL,
  user_name         VARCHAR(30) NOT NULL,
  nick_name         VARCHAR(30) NOT NULL,
  user_type         VARCHAR(2) DEFAULT '00',
  email             VARCHAR(50) DEFAULT '',
  phonenumber       VARCHAR(11) DEFAULT '',
  sex               CHAR(1) DEFAULT '0',
  avatar            VARCHAR(100) DEFAULT '',
  password          VARCHAR(100) DEFAULT '',
  status            CHAR(1) DEFAULT '0',
  del_flag          CHAR(1) DEFAULT '0',
  login_ip          VARCHAR(128) DEFAULT '',
  login_date        TIMESTAMP,
  pwd_update_date   TIMESTAMP,
  create_by         VARCHAR(64) DEFAULT '',
  create_time       TIMESTAMP,
  update_by         VARCHAR(64) DEFAULT '',
  update_time       TIMESTAMP,
  remark            VARCHAR(500) DEFAULT NULL
);

-- ----------------------------
-- 初始化-用户信息表数据
-- ----------------------------
INSERT INTO sys_user VALUES (1, 103, 'admin', '若依', '00', 'ry@163.com', '15888888888', '1', '', '$2a$10$7JB720yubVSZvUI0rEqK/.VqGOZTH.ulu33dHOiBE8ByOhJIrdAu2', '0', '0', '127.0.0.1', CURRENT_TIMESTAMP, CURRENT_TIMESTAMP, 'admin', CURRENT_TIMESTAMP, '', NULL, '管理员');
INSERT INTO sys_user VALUES (2, 105, 'ry', '若依', '00', 'ry@qq.com', '15666666666', '1', '', '$2a$10$7JB720yubVSZvUI0rEqK/.VqGOZTH.ulu33dHOiBE8ByOhJIrdAu2', '0', '0', '127.0.0.1', CURRENT_TIMESTAMP, CURRENT_TIMESTAMP, 'admin', CURRENT_TIMESTAMP, '', NULL, '测试员');

-- ----------------------------
-- 3、岗位信息表
-- ----------------------------
CREATE TABLE sys_post (
  post_id       BIGINT GENERATED BY DEFAULT AS IDENTITY PRIMARY KEY,
  post_code     VARCHAR(64) NOT NULL,
  post_name     VARCHAR(50) NOT NULL,
  post_sort     INTEGER NOT NULL,
  status        CHAR(1) NOT NULL,
  create_by     VARCHAR(64) DEFAULT '',
  create_time   TIMESTAMP,
  update_by     VARCHAR(64) DEFAULT '',
  update_time   TIMESTAMP,
  remark        VARCHAR(500) DEFAULT NULL
);

-- ----------------------------
-- 初始化-岗位信息表数据
-- ----------------------------
INSERT INTO sys_post VALUES (1, 'ceo', '董事长', 1, '0', 'admin', CURRENT_TIMESTAMP, '', NULL, '');
INSERT INTO sys_post VALUES (2, 'se', '项目经理', 2, '0', 'admin', CURRENT_TIMESTAMP, '', NULL, '');
INSERT INTO sys_post VALUES (3, 'hr', '人力资源', 3, '0', 'admin', CURRENT_TIMESTAMP, '', NULL, '');
INSERT INTO sys_post VALUES (4, 'user', '普通员工', 4, '0', 'admin', CURRENT_TIMESTAMP, '', NULL, '');

-- ----------------------------
-- 4、角色信息表
-- ----------------------------
CREATE TABLE sys_role (
  role_id              BIGINT GENERATED BY DEFAULT AS IDENTITY PRIMARY KEY,
  role_name            VARCHAR(30) NOT NULL,
  role_key             VARCHAR(100) NOT NULL,
  role_sort            INTEGER NOT NULL,
  data_scope           CHAR(1) DEFAULT '1',
  menu_check_strictly  BOOLEAN DEFAULT TRUE,
  dept_check_strictly  BOOLEAN DEFAULT TRUE,
  status               CHAR(1) NOT NULL,
  del_flag             CHAR(1) DEFAULT '0',
  create_by            VARCHAR(64) DEFAULT '',
  create_time          TIMESTAMP,
  update_by            VARCHAR(64) DEFAULT '',
  update_time          TIMESTAMP,
  remark               VARCHAR(500) DEFAULT NULL
);

-- ----------------------------
-- 初始化-角色信息表数据
-- ----------------------------
INSERT INTO sys_role VALUES (1, '超级管理员', 'admin', 1, '1', TRUE, TRUE, '0', '0', 'admin', CURRENT_TIMESTAMP, '', NULL, '超级管理员');
INSERT INTO sys_role VALUES (2, '普通角色', 'common', 2, '2', TRUE, TRUE, '0', '0', 'admin', CURRENT_TIMESTAMP, '', NULL, '普通角色');

-- ----------------------------
-- 5、菜单权限表
-- ----------------------------
CREATE TABLE sys_menu (
  menu_id       BIGINT GENERATED BY DEFAULT AS IDENTITY PRIMARY KEY,
  menu_name     VARCHAR(50) NOT NULL,
  parent_id     BIGINT DEFAULT 0,
  order_num     INTEGER DEFAULT 0,
  path          VARCHAR(200) DEFAULT '',
  component     VARCHAR(255) DEFAULT NULL,
  "query"       VARCHAR(255) DEFAULT NULL,
  route_name    VARCHAR(50) DEFAULT '',
  is_frame      INTEGER DEFAULT 1,
  is_cache      INTEGER DEFAULT 0,
  menu_type     CHAR(1) DEFAULT '',
  visible       CHAR(1) DEFAULT '0',
  status        CHAR(1) DEFAULT '0',
  perms         VARCHAR(100) DEFAULT NULL,
  icon          VARCHAR(100) DEFAULT '#',
  create_by     VARCHAR(64) DEFAULT '',
  create_time   TIMESTAMP,
  update_by     VARCHAR(64) DEFAULT '',
  update_time   TIMESTAMP,
  remark        VARCHAR(500) DEFAULT ''
);

-- ----------------------------
-- 初始化-菜单信息表数据
-- ----------------------------
-- 一级菜单
INSERT INTO sys_menu VALUES (5, '监控大屏', '0', '1', 'monitor_screen', 'dashboard/monitor_screen/index', '', 'monitor_screen', 1, 0, 'C', '0', '0', '', 'dashboard', 'admin', CURRENT_TIMESTAMP, '', NULL, '监控大屏菜单');
INSERT INTO sys_menu VALUES (6, '数据看板', '0', '2', 'data_board', NULL, '', 'DataBoard', 1, 0, 'M', '0', '0', '', 'chart', 'admin', CURRENT_TIMESTAMP, '', NULL, '数据看板目录');
INSERT INTO sys_menu VALUES (601, '数据看板', '6', '1', 'index', 'dashboard/data_board/index', 'DataBoardIndex', 1, 0, 'C', '0', '0', 'dashboard:data-board:list', 'chart', 'admin', CURRENT_TIMESTAMP, '', NULL, '数据看板主页');
INSERT INTO sys_menu VALUES (602, '行为日志', '6', '2', 'behavior_log', 'dashboard/behavior_log/index', 'BehaviorLog', 1, 0, 'C', '0', '0', 'dashboard:behavior-log:list', 'documentation', 'admin', CURRENT_TIMESTAMP, '', NULL, '进出门行为日志');
INSERT INTO sys_menu VALUES (7, '视频测试', '0', '3', 'video_test', 'dashboard/video_test/index', '', 'video_test', 1, 0, 'C', '0', '0', '', 'video', 'admin', CURRENT_TIMESTAMP, '', NULL, '视频上传测试模块');
INSERT INTO sys_menu VALUES (1, '系统管理', '0', '3', 'system', NULL, '', '', 1, 0, 'M', '0', '0', '', 'system', 'admin', CURRENT_TIMESTAMP, '', NULL, '系统管理目录');
INSERT INTO sys_menu VALUES (2, '系统监控', '0', '4', 'monitor', NULL, '', '', 1, 0, 'M', '0', '0', '', 'monitor', 'admin', CURRENT_TIMESTAMP, '', NULL, '系统监控目录');
INSERT INTO sys_menu VALUES (3, '系统工具', '0', '5', 'tool', NULL, '', '', 1, 0, 'M', '0', '0', '', 'tool', 'admin', CURRENT_TIMESTAMP, '', NULL, '系统工具目录');
INSERT INTO sys_menu VALUES (4, '若依官网', '0', '6', 'http://ruoyi.vip', NULL, '', '', 0, 0, 'M', '0', '0', '', 'guide', 'admin', CURRENT_TIMESTAMP, '', NULL, '若依官网地址');
-- 二级菜单
INSERT INTO sys_menu VALUES (100, '用户管理', '1', '1', 'user', 'system/user/index', '', '', 1, 0, 'C', '0', '0', 'system:user:list', 'user', 'admin', CURRENT_TIMESTAMP, '', NULL, '用户管理菜单');
INSERT INTO sys_menu VALUES (101, '角色管理', '1', '2', 'role', 'system/role/index', '', '', 1, 0, 'C', '0', '0', 'system:role:list', 'peoples', 'admin', CURRENT_TIMESTAMP, '', NULL, '角色管理菜单');
INSERT INTO sys_menu VALUES (102, '菜单管理', '1', '3', 'menu', 'system/menu/index', '', '', 1, 0, 'C', '0', '0', 'system:menu:list', 'tree-table', 'admin', CURRENT_TIMESTAMP, '', NULL, '菜单管理菜单');
INSERT INTO sys_menu VALUES (103, '部门管理', '1', '4', 'dept', 'system/dept/index', '', '', 1, 0, 'C', '0', '0', 'system:dept:list', 'tree', 'admin', CURRENT_TIMESTAMP, '', NULL, '部门管理菜单');
INSERT INTO sys_menu VALUES (104, '岗位管理', '1', '5', 'post', 'system/post/index', '', '', 1, 0, 'C', '0', '0', 'system:post:list', 'post', 'admin', CURRENT_TIMESTAMP, '', NULL, '岗位管理菜单');
INSERT INTO sys_menu VALUES (105, '字典管理', '1', '6', 'dict', 'system/dict/index', '', '', 1, 0, 'C', '0', '0', 'system:dict:list', 'dict', 'admin', CURRENT_TIMESTAMP, '', NULL, '字典管理菜单');
INSERT INTO sys_menu VALUES (106, '参数设置', '1', '7', 'config', 'system/config/index', '', '', 1, 0, 'C', '0', '0', 'system:config:list', 'edit', 'admin', CURRENT_TIMESTAMP, '', NULL, '参数设置菜单');
INSERT INTO sys_menu VALUES (107, '通知公告', '1', '8', 'notice', 'system/notice/index', '', '', 1, 0, 'C', '0', '0', 'system:notice:list', 'message', 'admin', CURRENT_TIMESTAMP, '', NULL, '通知公告菜单');
INSERT INTO sys_menu VALUES (108, '日志管理', '1', '9', 'log', '', '', '', 1, 0, 'M', '0', '0', '', 'log', 'admin', CURRENT_TIMESTAMP, '', NULL, '日志管理菜单');
INSERT INTO sys_menu VALUES (109, '在线用户', '2', '1', 'online', 'monitor/online/index', '', '', 1, 0, 'C', '0', '0', 'monitor:online:list', 'online', 'admin', CURRENT_TIMESTAMP, '', NULL, '在线用户菜单');
INSERT INTO sys_menu VALUES (110, '定时任务', '2', '2', 'job', 'monitor/job/index', '', '', 1, 0, 'C', '0', '0', 'monitor:job:list', 'job', 'admin', CURRENT_TIMESTAMP, '', NULL, '定时任务菜单');
INSERT INTO sys_menu VALUES (111, '数据监控', '2', '3', 'druid', 'monitor/druid/index', '', '', 1, 0, 'C', '0', '0', 'monitor:druid:list', 'druid', 'admin', CURRENT_TIMESTAMP, '', NULL, '数据监控菜单');
INSERT INTO sys_menu VALUES (112, '服务监控', '2', '4', 'server', 'monitor/server/index', '', '', 1, 0, 'C', '0', '0', 'monitor:server:list', 'server', 'admin', CURRENT_TIMESTAMP, '', NULL, '服务监控菜单');
INSERT INTO sys_menu VALUES (113, '缓存监控', '2', '5', 'cache', 'monitor/cache/index', '', '', 1, 0, 'C', '0', '0', 'monitor:cache:list', 'redis', 'admin', CURRENT_TIMESTAMP, '', NULL, '缓存监控菜单');
INSERT INTO sys_menu VALUES (114, '缓存列表', '2', '6', 'cacheList', 'monitor/cache/list', '', '', 1, 0, 'C', '0', '0', 'monitor:cache:list', 'redis-list', 'admin', CURRENT_TIMESTAMP, '', NULL, '缓存列表菜单');
INSERT INTO sys_menu VALUES (115, '表单构建', '3', '1', 'build', 'tool/build/index', '', '', 1, 0, 'C', '0', '0', 'tool:build:list', 'build', 'admin', CURRENT_TIMESTAMP, '', NULL, '表单构建菜单');
INSERT INTO sys_menu VALUES (116, '代码生成', '3', '2', 'gen', 'tool/gen/index', '', '', 1, 0, 'C', '0', '0', 'tool:gen:list', 'code', 'admin', CURRENT_TIMESTAMP, '', NULL, '代码生成菜单');
INSERT INTO sys_menu VALUES (117, '系统接口', '3', '3', 'swagger', 'tool/swagger/index', '', '', 1, 0, 'C', '0', '0', 'tool:swagger:list', 'swagger', 'admin', CURRENT_TIMESTAMP, '', NULL, '系统接口菜单');
-- 三级菜单
INSERT INTO sys_menu VALUES (500, '操作日志', '108', '1', 'operlog', 'monitor/operlog/index', '', '', 1, 0, 'C', '0', '0', 'monitor:operlog:list', 'form', 'admin', CURRENT_TIMESTAMP, '', NULL, '操作日志菜单');
INSERT INTO sys_menu VALUES (501, '登录日志', '108', '2', 'logininfor', 'monitor/logininfor/index', '', '', 1, 0, 'C', '0', '0', 'monitor:logininfor:list', 'logininfor', 'admin', CURRENT_TIMESTAMP, '', NULL, '登录日志菜单');
-- 用户管理按钮
INSERT INTO sys_menu VALUES (1000, '用户查询', '100', '1', '', '', '', '', 1, 0, 'F', '0', '0', 'system:user:query', '#', 'admin', CURRENT_TIMESTAMP, '', NULL, '');
INSERT INTO sys_menu VALUES (1001, '用户新增', '100', '2', '', '', '', '', 1, 0, 'F', '0', '0', 'system:user:add', '#', 'admin', CURRENT_TIMESTAMP, '', NULL, '');
INSERT INTO sys_menu VALUES (1002, '用户修改', '100', '3', '', '', '', '', 1, 0, 'F', '0', '0', 'system:user:edit', '#', 'admin', CURRENT_TIMESTAMP, '', NULL, '');
INSERT INTO sys_menu VALUES (1003, '用户删除', '100', '4', '', '', '', '', 1, 0, 'F', '0', '0', 'system:user:remove', '#', 'admin', CURRENT_TIMESTAMP, '', NULL, '');
INSERT INTO sys_menu VALUES (1004, '用户导出', '100', '5', '', '', '', '', 1, 0, 'F', '0', '0', 'system:user:export', '#', 'admin', CURRENT_TIMESTAMP, '', NULL, '');
INSERT INTO sys_menu VALUES (1005, '用户导入', '100', '6', '', '', '', '', 1, 0, 'F', '0', '0', 'system:user:import', '#', 'admin', CURRENT_TIMESTAMP, '', NULL, '');
INSERT INTO sys_menu VALUES (1006, '重置密码', '100', '7', '', '', '', '', 1, 0, 'F', '0', '0', 'system:user:resetPwd', '#', 'admin', CURRENT_TIMESTAMP, '', NULL, '');
-- 角色管理按钮
INSERT INTO sys_menu VALUES (1007, '角色查询', '101', '1', '', '', '', '', 1, 0, 'F', '0', '0', 'system:role:query', '#', 'admin', CURRENT_TIMESTAMP, '', NULL, '');
INSERT INTO sys_menu VALUES (1008, '角色新增', '101', '2', '', '', '', '', 1, 0, 'F', '0', '0', 'system:role:add', '#', 'admin', CURRENT_TIMESTAMP, '', NULL, '');
INSERT INTO sys_menu VALUES (1009, '角色修改', '101', '3', '', '', '', '', 1, 0, 'F', '0', '0', 'system:role:edit', '#', 'admin', CURRENT_TIMESTAMP, '', NULL, '');
INSERT INTO sys_menu VALUES (1010, '角色删除', '101', '4', '', '', '', '', 1, 0, 'F', '0', '0', 'system:role:remove', '#', 'admin', CURRENT_TIMESTAMP, '', NULL, '');
INSERT INTO sys_menu VALUES (1011, '角色导出', '101', '5', '', '', '', '', 1, 0, 'F', '0', '0', 'system:role:export', '#', 'admin', CURRENT_TIMESTAMP, '', NULL, '');
-- 菜单管理按钮
INSERT INTO sys_menu VALUES (1012, '菜单查询', '102', '1', '', '', '', '', 1, 0, 'F', '0', '0', 'system:menu:query', '#', 'admin', CURRENT_TIMESTAMP, '', NULL, '');
INSERT INTO sys_menu VALUES (1013, '菜单新增', '102', '2', '', '', '', '', 1, 0, 'F', '0', '0', 'system:menu:add', '#', 'admin', CURRENT_TIMESTAMP, '', NULL, '');
INSERT INTO sys_menu VALUES (1014, '菜单修改', '102', '3', '', '', '', '', 1, 0, 'F', '0', '0', 'system:menu:edit', '#', 'admin', CURRENT_TIMESTAMP, '', NULL, '');
INSERT INTO sys_menu VALUES (1015, '菜单删除', '102', '4', '', '', '', '', 1, 0, 'F', '0', '0', 'system:menu:remove', '#', 'admin', CURRENT_TIMESTAMP, '', NULL, '');
-- 部门管理按钮
INSERT INTO sys_menu VALUES (1016, '部门查询', '103', '1', '', '', '', '', 1, 0, 'F', '0', '0', 'system:dept:query', '#', 'admin', CURRENT_TIMESTAMP, '', NULL, '');
INSERT INTO sys_menu VALUES (1017, '部门新增', '103', '2', '', '', '', '', 1, 0, 'F', '0', '0', 'system:dept:add', '#', 'admin', CURRENT_TIMESTAMP, '', NULL, '');
INSERT INTO sys_menu VALUES (1018, '部门修改', '103', '3', '', '', '', '', 1, 0, 'F', '0', '0', 'system:dept:edit', '#', 'admin', CURRENT_TIMESTAMP, '', NULL, '');
INSERT INTO sys_menu VALUES (1019, '部门删除', '103', '4', '', '', '', '', 1, 0, 'F', '0', '0', 'system:dept:remove', '#', 'admin', CURRENT_TIMESTAMP, '', NULL, '');
-- 岗位管理按钮
INSERT INTO sys_menu VALUES (1020, '岗位查询', '104', '1', '', '', '', '', 1, 0, 'F', '0', '0', 'system:post:query', '#', 'admin', CURRENT_TIMESTAMP, '', NULL, '');
INSERT INTO sys_menu VALUES (1021, '岗位新增', '104', '2', '', '', '', '', 1, 0, 'F', '0', '0', 'system:post:add', '#', 'admin', CURRENT_TIMESTAMP, '', NULL, '');
INSERT INTO sys_menu VALUES (1022, '岗位修改', '104', '3', '', '', '', '', 1, 0, 'F', '0', '0', 'system:post:edit', '#', 'admin', CURRENT_TIMESTAMP, '', NULL, '');
INSERT INTO sys_menu VALUES (1023, '岗位删除', '104', '4', '', '', '', '', 1, 0, 'F', '0', '0', 'system:post:remove', '#', 'admin', CURRENT_TIMESTAMP, '', NULL, '');
INSERT INTO sys_menu VALUES (1024, '岗位导出', '104', '5', '', '', '', '', 1, 0, 'F', '0', '0', 'system:post:export', '#', 'admin', CURRENT_TIMESTAMP, '', NULL, '');
-- 字典管理按钮
INSERT INTO sys_menu VALUES (1025, '字典查询', '105', '1', '#', '', '', '', 1, 0, 'F', '0', '0', 'system:dict:query', '#', 'admin', CURRENT_TIMESTAMP, '', NULL, '');
INSERT INTO sys_menu VALUES (1026, '字典新增', '105', '2', '#', '', '', '', 1, 0, 'F', '0', '0', 'system:dict:add', '#', 'admin', CURRENT_TIMESTAMP, '', NULL, '');
INSERT INTO sys_menu VALUES (1027, '字典修改', '105', '3', '#', '', '', '', 1, 0, 'F', '0', '0', 'system:dict:edit', '#', 'admin', CURRENT_TIMESTAMP, '', NULL, '');
INSERT INTO sys_menu VALUES (1028, '字典删除', '105', '4', '#', '', '', '', 1, 0, 'F', '0', '0', 'system:dict:remove', '#', 'admin', CURRENT_TIMESTAMP, '', NULL, '');
INSERT INTO sys_menu VALUES (1029, '字典导出', '105', '5', '#', '', '', '', 1, 0, 'F', '0', '0', 'system:dict:export', '#', 'admin', CURRENT_TIMESTAMP, '', NULL, '');
-- 参数设置按钮
INSERT INTO sys_menu VALUES (1030, '参数查询', '106', '1', '#', '', '', '', 1, 0, 'F', '0', '0', 'system:config:query', '#', 'admin', CURRENT_TIMESTAMP, '', NULL, '');
INSERT INTO sys_menu VALUES (1031, '参数新增', '106', '2', '#', '', '', '', 1, 0, 'F', '0', '0', 'system:config:add', '#', 'admin', CURRENT_TIMESTAMP, '', NULL, '');
INSERT INTO sys_menu VALUES (1032, '参数修改', '106', '3', '#', '', '', '', 1, 0, 'F', '0', '0', 'system:config:edit', '#', 'admin', CURRENT_TIMESTAMP, '', NULL, '');
INSERT INTO sys_menu VALUES (1033, '参数删除', '106', '4', '#', '', '', '', 1, 0, 'F', '0', '0', 'system:config:remove', '#', 'admin', CURRENT_TIMESTAMP, '', NULL, '');
INSERT INTO sys_menu VALUES (1034, '参数导出', '106', '5', '#', '', '', '', 1, 0, 'F', '0', '0', 'system:config:export', '#', 'admin', CURRENT_TIMESTAMP, '', NULL, '');
-- 通知公告按钮
INSERT INTO sys_menu VALUES (1035, '公告查询', '107', '1', '#', '', '', '', 1, 0, 'F', '0', '0', 'system:notice:query', '#', 'admin', CURRENT_TIMESTAMP, '', NULL, '');
INSERT INTO sys_menu VALUES (1036, '公告新增', '107', '2', '#', '', '', '', 1, 0, 'F', '0', '0', 'system:notice:add', '#', 'admin', CURRENT_TIMESTAMP, '', NULL, '');
INSERT INTO sys_menu VALUES (1037, '公告修改', '107', '3', '#', '', '', '', 1, 0, 'F', '0', '0', 'system:notice:edit', '#', 'admin', CURRENT_TIMESTAMP, '', NULL, '');
INSERT INTO sys_menu VALUES (1038, '公告删除', '107', '4', '#', '', '', '', 1, 0, 'F', '0', '0', 'system:notice:remove', '#', 'admin', CURRENT_TIMESTAMP, '', NULL, '');
-- 操作日志按钮
INSERT INTO sys_menu VALUES (1039, '操作查询', '500', '1', '#', '', '', '', 1, 0, 'F', '0', '0', 'monitor:operlog:query', '#', 'admin', CURRENT_TIMESTAMP, '', NULL, '');
INSERT INTO sys_menu VALUES (1040, '操作删除', '500', '2', '#', '', '', '', 1, 0, 'F', '0', '0', 'monitor:operlog:remove', '#', 'admin', CURRENT_TIMESTAMP, '', NULL, '');
INSERT INTO sys_menu VALUES (1041, '日志导出', '500', '3', '#', '', '', '', 1, 0, 'F', '0', '0', 'monitor:operlog:export', '#', 'admin', CURRENT_TIMESTAMP, '', NULL, '');
-- 登录日志按钮
INSERT INTO sys_menu VALUES (1042, '登录查询', '501', '1', '#', '', '', '', 1, 0, 'F', '0', '0', 'monitor:logininfor:query', '#', 'admin', CURRENT_TIMESTAMP, '', NULL, '');
INSERT INTO sys_menu VALUES (1043, '登录删除', '501', '2', '#', '', '', '', 1, 0, 'F', '0', '0', 'monitor:logininfor:remove', '#', 'admin', CURRENT_TIMESTAMP, '', NULL, '');
INSERT INTO sys_menu VALUES (1044, '日志导出', '501', '3', '#', '', '', '', 1, 0, 'F', '0', '0', 'monitor:logininfor:export', '#', 'admin', CURRENT_TIMESTAMP, '', NULL, '');
INSERT INTO sys_menu VALUES (1045, '账户解锁', '501', '4', '#', '', '', '', 1, 0, 'F', '0', '0', 'monitor:logininfor:unlock', '#', 'admin', CURRENT_TIMESTAMP, '', NULL, '');
-- 在线用户按钮
INSERT INTO sys_menu VALUES (1046, '在线查询', '109', '1', '#', '', '', '', 1, 0, 'F', '0', '0', 'monitor:online:query', '#', 'admin', CURRENT_TIMESTAMP, '', NULL, '');
INSERT INTO sys_menu VALUES (1047, '批量强退', '109', '2', '#', '', '', '', 1, 0, 'F', '0', '0', 'monitor:online:batchLogout', '#', 'admin', CURRENT_TIMESTAMP, '', NULL, '');
INSERT INTO sys_menu VALUES (1048, '单条强退', '109', '3', '#', '', '', '', 1, 0, 'F', '0', '0', 'monitor:online:forceLogout', '#', 'admin', CURRENT_TIMESTAMP, '', NULL, '');
-- 定时任务按钮
INSERT INTO sys_menu VALUES (1049, '任务查询', '110', '1', '#', '', '', '', 1, 0, 'F', '0', '0', 'monitor:job:query', '#', 'admin', CURRENT_TIMESTAMP, '', NULL, '');
INSERT INTO sys_menu VALUES (1050, '任务新增', '110', '2', '#', '', '', '', 1, 0, 'F', '0', '0', 'monitor:job:add', '#', 'admin', CURRENT_TIMESTAMP, '', NULL, '');
INSERT INTO sys_menu VALUES (1051, '任务修改', '110', '3', '#', '', '', '', 1, 0, 'F', '0', '0', 'monitor:job:edit', '#', 'admin', CURRENT_TIMESTAMP, '', NULL, '');
INSERT INTO sys_menu VALUES (1052, '任务删除', '110', '4', '#', '', '', '', 1, 0, 'F', '0', '0', 'monitor:job:remove', '#', 'admin', CURRENT_TIMESTAMP, '', NULL, '');
INSERT INTO sys_menu VALUES (1053, '状态修改', '110', '5', '#', '', '', '', 1, 0, 'F', '0', '0', 'monitor:job:changeStatus', '#', 'admin', CURRENT_TIMESTAMP, '', NULL, '');
INSERT INTO sys_menu VALUES (1054, '任务导出', '110', '6', '#', '', '', '', 1, 0, 'F', '0', '0', 'monitor:job:export', '#', 'admin', CURRENT_TIMESTAMP, '', NULL, '');
-- 代码生成按钮
INSERT INTO sys_menu VALUES (1055, '生成查询', '116', '1', '#', '', '', '', 1, 0, 'F', '0', '0', 'tool:gen:query', '#', 'admin', CURRENT_TIMESTAMP, '', NULL, '');
INSERT INTO sys_menu VALUES (1056, '生成修改', '116', '2', '#', '', '', '', 1, 0, 'F', '0', '0', 'tool:gen:edit', '#', 'admin', CURRENT_TIMESTAMP, '', NULL, '');
INSERT INTO sys_menu VALUES (1057, '生成删除', '116', '3', '#', '', '', '', 1, 0, 'F', '0', '0', 'tool:gen:remove', '#', 'admin', CURRENT_TIMESTAMP, '', NULL, '');
INSERT INTO sys_menu VALUES (1058, '导入代码', '116', '4', '#', '', '', '', 1, 0, 'F', '0', '0', 'tool:gen:import', '#', 'admin', CURRENT_TIMESTAMP, '', NULL, '');
INSERT INTO sys_menu VALUES (1059, '预览代码', '116', '5', '#', '', '', '', 1, 0, 'F', '0', '0', 'tool:gen:preview', '#', 'admin', CURRENT_TIMESTAMP, '', NULL, '');
INSERT INTO sys_menu VALUES (1060, '生成代码', '116', '6', '#', '', '', '', 1, 0, 'F', '0', '0', 'tool:gen:code', '#', 'admin', CURRENT_TIMESTAMP, '', NULL, '');

-- ----------------------------
-- 6、用户和角色关联表  用户N-1角色
-- ----------------------------
CREATE TABLE sys_user_role (
  user_id   BIGINT NOT NULL,
  role_id   BIGINT NOT NULL,
  PRIMARY KEY (user_id, role_id)
);

-- ----------------------------
-- 初始化-用户和角色关联表数据
-- ----------------------------
INSERT INTO sys_user_role VALUES ('1', '1');
INSERT INTO sys_user_role VALUES ('2', '2');

-- ----------------------------
-- 7、角色和菜单关联表  角色1-N菜单
-- ----------------------------
CREATE TABLE sys_role_menu (
  role_id   BIGINT NOT NULL,
  menu_id   BIGINT NOT NULL,
  PRIMARY KEY (role_id, menu_id)
);

-- ----------------------------
-- 初始化-角色和菜单关联表数据
-- ----------------------------
INSERT INTO sys_role_menu VALUES ('2', '1');
INSERT INTO sys_role_menu VALUES ('2', '2');
INSERT INTO sys_role_menu VALUES ('2', '3');
INSERT INTO sys_role_menu VALUES ('2', '4');
INSERT INTO sys_role_menu VALUES ('2', '5');
INSERT INTO sys_role_menu VALUES ('2', '6');
INSERT INTO sys_role_menu VALUES ('2', '601');
INSERT INTO sys_role_menu VALUES ('2', '602');
INSERT INTO sys_role_menu VALUES ('2', '100');
INSERT INTO sys_role_menu VALUES ('2', '101');
INSERT INTO sys_role_menu VALUES ('2', '102');
INSERT INTO sys_role_menu VALUES ('2', '103');
INSERT INTO sys_role_menu VALUES ('2', '104');
INSERT INTO sys_role_menu VALUES ('2', '105');
INSERT INTO sys_role_menu VALUES ('2', '106');
INSERT INTO sys_role_menu VALUES ('2', '107');
INSERT INTO sys_role_menu VALUES ('2', '108');
INSERT INTO sys_role_menu VALUES ('2', '109');
INSERT INTO sys_role_menu VALUES ('2', '110');
INSERT INTO sys_role_menu VALUES ('2', '111');
INSERT INTO sys_role_menu VALUES ('2', '112');
INSERT INTO sys_role_menu VALUES ('2', '113');
INSERT INTO sys_role_menu VALUES ('2', '114');
INSERT INTO sys_role_menu VALUES ('2', '115');
INSERT INTO sys_role_menu VALUES ('2', '116');
INSERT INTO sys_role_menu VALUES ('2', '117');
INSERT INTO sys_role_menu VALUES ('2', '500');
INSERT INTO sys_role_menu VALUES ('2', '501');
INSERT INTO sys_role_menu VALUES ('2', '1000');
INSERT INTO sys_role_menu VALUES ('2', '1001');
INSERT INTO sys_role_menu VALUES ('2', '1002');
INSERT INTO sys_role_menu VALUES ('2', '1003');
INSERT INTO sys_role_menu VALUES ('2', '1004');
INSERT INTO sys_role_menu VALUES ('2', '1005');
INSERT INTO sys_role_menu VALUES ('2', '1006');
INSERT INTO sys_role_menu VALUES ('2', '1007');
INSERT INTO sys_role_menu VALUES ('2', '1008');
INSERT INTO sys_role_menu VALUES ('2', '1009');
INSERT INTO sys_role_menu VALUES ('2', '1010');
INSERT INTO sys_role_menu VALUES ('2', '1011');
INSERT INTO sys_role_menu VALUES ('2', '1012');
INSERT INTO sys_role_menu VALUES ('2', '1013');
INSERT INTO sys_role_menu VALUES ('2', '1014');
INSERT INTO sys_role_menu VALUES ('2', '1015');
INSERT INTO sys_role_menu VALUES ('2', '1016');
INSERT INTO sys_role_menu VALUES ('2', '1017');
INSERT INTO sys_role_menu VALUES ('2', '1018');
INSERT INTO sys_role_menu VALUES ('2', '1019');
INSERT INTO sys_role_menu VALUES ('2', '1020');
INSERT INTO sys_role_menu VALUES ('2', '1021');
INSERT INTO sys_role_menu VALUES ('2', '1022');
INSERT INTO sys_role_menu VALUES ('2', '1023');
INSERT INTO sys_role_menu VALUES ('2', '1024');
INSERT INTO sys_role_menu VALUES ('2', '1025');
INSERT INTO sys_role_menu VALUES ('2', '1026');
INSERT INTO sys_role_menu VALUES ('2', '1027');
INSERT INTO sys_role_menu VALUES ('2', '1028');
INSERT INTO sys_role_menu VALUES ('2', '1029');
INSERT INTO sys_role_menu VALUES ('2', '1030');
INSERT INTO sys_role_menu VALUES ('2', '1031');
INSERT INTO sys_role_menu VALUES ('2', '1032');
INSERT INTO sys_role_menu VALUES ('2', '1033');
INSERT INTO sys_role_menu VALUES ('2', '1034');
INSERT INTO sys_role_menu VALUES ('2', '1035');
INSERT INTO sys_role_menu VALUES ('2', '1036');
INSERT INTO sys_role_menu VALUES ('2', '1037');
INSERT INTO sys_role_menu VALUES ('2', '1038');
INSERT INTO sys_role_menu VALUES ('2', '1039');
INSERT INTO sys_role_menu VALUES ('2', '1040');
INSERT INTO sys_role_menu VALUES ('2', '1041');
INSERT INTO sys_role_menu VALUES ('2', '1042');
INSERT INTO sys_role_menu VALUES ('2', '1043');
INSERT INTO sys_role_menu VALUES ('2', '1044');
INSERT INTO sys_role_menu VALUES ('2', '1045');
INSERT INTO sys_role_menu VALUES ('2', '1046');
INSERT INTO sys_role_menu VALUES ('2', '1047');
INSERT INTO sys_role_menu VALUES ('2', '1048');
INSERT INTO sys_role_menu VALUES ('2', '1049');
INSERT INTO sys_role_menu VALUES ('2', '1050');
INSERT INTO sys_role_menu VALUES ('2', '1051');
INSERT INTO sys_role_menu VALUES ('2', '1052');
INSERT INTO sys_role_menu VALUES ('2', '1053');
INSERT INTO sys_role_menu VALUES ('2', '1054');
INSERT INTO sys_role_menu VALUES ('2', '1055');
INSERT INTO sys_role_menu VALUES ('2', '1056');
INSERT INTO sys_role_menu VALUES ('2', '1057');
INSERT INTO sys_role_menu VALUES ('2', '1058');
INSERT INTO sys_role_menu VALUES ('2', '1059');
INSERT INTO sys_role_menu VALUES ('2', '1060');

-- ----------------------------
-- 8、角色和部门关联表  角色1-N部门
-- ----------------------------
CREATE TABLE sys_role_dept (
  role_id   BIGINT NOT NULL,
  dept_id   BIGINT NOT NULL,
  PRIMARY KEY (role_id, dept_id)
);

-- ----------------------------
-- 初始化-角色和部门关联表数据
-- ----------------------------
INSERT INTO sys_role_dept VALUES ('2', '100');
INSERT INTO sys_role_dept VALUES ('2', '101');
INSERT INTO sys_role_dept VALUES ('2', '105');

-- ----------------------------
-- 9、用户与岗位关联表  用户1-N岗位
-- ----------------------------
CREATE TABLE sys_user_post (
  user_id   BIGINT NOT NULL,
  post_id   BIGINT NOT NULL,
  PRIMARY KEY (user_id, post_id)
);

-- ----------------------------
-- 初始化-用户与岗位关联表数据
-- ----------------------------
INSERT INTO sys_user_post VALUES ('1', '1');
INSERT INTO sys_user_post VALUES ('2', '2');

-- ----------------------------
-- 10、操作日志记录
-- ----------------------------
CREATE TABLE sys_oper_log (
  oper_id           BIGINT GENERATED BY DEFAULT AS IDENTITY PRIMARY KEY,
  title             VARCHAR(50) DEFAULT '',
  business_type     INTEGER DEFAULT 0,
  method            VARCHAR(200) DEFAULT '',
  request_method    VARCHAR(10) DEFAULT '',
  operator_type     INTEGER DEFAULT 0,
  oper_name         VARCHAR(50) DEFAULT '',
  dept_name         VARCHAR(50) DEFAULT '',
  oper_url          VARCHAR(255) DEFAULT '',
  oper_ip           VARCHAR(128) DEFAULT '',
  oper_location     VARCHAR(255) DEFAULT '',
  oper_param        VARCHAR(2000) DEFAULT '',
  json_result       VARCHAR(2000) DEFAULT '',
  status            INTEGER DEFAULT 0,
  error_msg         VARCHAR(2000) DEFAULT '',
  oper_time         TIMESTAMP,
  cost_time         BIGINT DEFAULT 0
);
CREATE INDEX idx_sys_oper_log_bt ON sys_oper_log (business_type);
CREATE INDEX idx_sys_oper_log_s ON sys_oper_log (status);
CREATE INDEX idx_sys_oper_log_ot ON sys_oper_log (oper_time);

-- ----------------------------
-- 11、字典类型表
-- ----------------------------
CREATE TABLE sys_dict_type (
  dict_id          BIGINT GENERATED BY DEFAULT AS IDENTITY PRIMARY KEY,
  dict_name        VARCHAR(100) DEFAULT '',
  dict_type        VARCHAR(100) DEFAULT '',
  status           CHAR(1) DEFAULT '0',
  create_by        VARCHAR(64) DEFAULT '',
  create_time      TIMESTAMP,
  update_by        VARCHAR(64) DEFAULT '',
  update_time      TIMESTAMP,
  remark           VARCHAR(500) DEFAULT NULL,
  UNIQUE (dict_type)
);

INSERT INTO sys_dict_type VALUES (1, '用户性别', 'sys_user_sex', '0', 'admin', CURRENT_TIMESTAMP, '', NULL, '用户性别列表');
INSERT INTO sys_dict_type VALUES (2, '菜单状态', 'sys_show_hide', '0', 'admin', CURRENT_TIMESTAMP, '', NULL, '菜单状态列表');
INSERT INTO sys_dict_type VALUES (3, '系统开关', 'sys_normal_disable', '0', 'admin', CURRENT_TIMESTAMP, '', NULL, '系统开关列表');
INSERT INTO sys_dict_type VALUES (4, '任务状态', 'sys_job_status', '0', 'admin', CURRENT_TIMESTAMP, '', NULL, '任务状态列表');
INSERT INTO sys_dict_type VALUES (5, '任务分组', 'sys_job_group', '0', 'admin', CURRENT_TIMESTAMP, '', NULL, '任务分组列表');
INSERT INTO sys_dict_type VALUES (6, '系统是否', 'sys_yes_no', '0', 'admin', CURRENT_TIMESTAMP, '', NULL, '系统是否列表');
INSERT INTO sys_dict_type VALUES (7, '通知类型', 'sys_notice_type', '0', 'admin', CURRENT_TIMESTAMP, '', NULL, '通知类型列表');
INSERT INTO sys_dict_type VALUES (8, '通知状态', 'sys_notice_status', '0', 'admin', CURRENT_TIMESTAMP, '', NULL, '通知状态列表');
INSERT INTO sys_dict_type VALUES (9, '操作类型', 'sys_oper_type', '0', 'admin', CURRENT_TIMESTAMP, '', NULL, '操作类型列表');
INSERT INTO sys_dict_type VALUES (10, '系统状态', 'sys_common_status', '0', 'admin', CURRENT_TIMESTAMP, '', NULL, '登录状态列表');

-- ----------------------------
-- 12、字典数据表
-- ----------------------------
CREATE TABLE sys_dict_data (
  dict_code        BIGINT GENERATED BY DEFAULT AS IDENTITY PRIMARY KEY,
  dict_sort        INTEGER DEFAULT 0,
  dict_label       VARCHAR(100) DEFAULT '',
  dict_value       VARCHAR(100) DEFAULT '',
  dict_type        VARCHAR(100) DEFAULT '',
  css_class        VARCHAR(100) DEFAULT NULL,
  list_class       VARCHAR(100) DEFAULT NULL,
  is_default       CHAR(1) DEFAULT 'N',
  status           CHAR(1) DEFAULT '0',
  create_by        VARCHAR(64) DEFAULT '',
  create_time      TIMESTAMP,
  update_by        VARCHAR(64) DEFAULT '',
  update_time      TIMESTAMP,
  remark           VARCHAR(500) DEFAULT NULL
);

INSERT INTO sys_dict_data VALUES (1, 1, '男', '0', 'sys_user_sex', '', '', 'Y', '0', 'admin', CURRENT_TIMESTAMP, '', NULL, '性别男');
INSERT INTO sys_dict_data VALUES (2, 2, '女', '1', 'sys_user_sex', '', '', 'N', '0', 'admin', CURRENT_TIMESTAMP, '', NULL, '性别女');
INSERT INTO sys_dict_data VALUES (3, 3, '未知', '2', 'sys_user_sex', '', '', 'N', '0', 'admin', CURRENT_TIMESTAMP, '', NULL, '性别未知');
INSERT INTO sys_dict_data VALUES (4, 1, '显示', '0', 'sys_show_hide', '', 'primary', 'Y', '0', 'admin', CURRENT_TIMESTAMP, '', NULL, '显示菜单');
INSERT INTO sys_dict_data VALUES (5, 2, '隐藏', '1', 'sys_show_hide', '', 'danger', 'N', '0', 'admin', CURRENT_TIMESTAMP, '', NULL, '隐藏菜单');
INSERT INTO sys_dict_data VALUES (6, 1, '正常', '0', 'sys_normal_disable', '', 'primary', 'Y', '0', 'admin', CURRENT_TIMESTAMP, '', NULL, '正常状态');
INSERT INTO sys_dict_data VALUES (7, 2, '停用', '1', 'sys_normal_disable', '', 'danger', 'N', '0', 'admin', CURRENT_TIMESTAMP, '', NULL, '停用状态');
INSERT INTO sys_dict_data VALUES (8, 1, '正常', '0', 'sys_job_status', '', 'primary', 'Y', '0', 'admin', CURRENT_TIMESTAMP, '', NULL, '正常状态');
INSERT INTO sys_dict_data VALUES (9, 2, '暂停', '1', 'sys_job_status', '', 'danger', 'N', '0', 'admin', CURRENT_TIMESTAMP, '', NULL, '停用状态');
INSERT INTO sys_dict_data VALUES (10, 1, '默认', 'DEFAULT', 'sys_job_group', '', '', 'Y', '0', 'admin', CURRENT_TIMESTAMP, '', NULL, '默认分组');
INSERT INTO sys_dict_data VALUES (11, 2, '系统', 'SYSTEM', 'sys_job_group', '', '', 'N', '0', 'admin', CURRENT_TIMESTAMP, '', NULL, '系统分组');
INSERT INTO sys_dict_data VALUES (12, 1, '是', 'Y', 'sys_yes_no', '', 'primary', 'Y', '0', 'admin', CURRENT_TIMESTAMP, '', NULL, '系统默认是');
INSERT INTO sys_dict_data VALUES (13, 2, '否', 'N', 'sys_yes_no', '', 'danger', 'N', '0', 'admin', CURRENT_TIMESTAMP, '', NULL, '系统默认否');
INSERT INTO sys_dict_data VALUES (14, 1, '通知', '1', 'sys_notice_type', '', 'warning', 'Y', '0', 'admin', CURRENT_TIMESTAMP, '', NULL, '通知');
INSERT INTO sys_dict_data VALUES (15, 2, '公告', '2', 'sys_notice_type', '', 'success', 'N', '0', 'admin', CURRENT_TIMESTAMP, '', NULL, '公告');
INSERT INTO sys_dict_data VALUES (16, 1, '正常', '0', 'sys_notice_status', '', 'primary', 'Y', '0', 'admin', CURRENT_TIMESTAMP, '', NULL, '正常状态');
INSERT INTO sys_dict_data VALUES (17, 2, '关闭', '1', 'sys_notice_status', '', 'danger', 'N', '0', 'admin', CURRENT_TIMESTAMP, '', NULL, '关闭状态');
INSERT INTO sys_dict_data VALUES (18, 99, '其他', '0', 'sys_oper_type', '', 'info', 'N', '0', 'admin', CURRENT_TIMESTAMP, '', NULL, '其他操作');
INSERT INTO sys_dict_data VALUES (19, 1, '新增', '1', 'sys_oper_type', '', 'info', 'N', '0', 'admin', CURRENT_TIMESTAMP, '', NULL, '新增操作');
INSERT INTO sys_dict_data VALUES (20, 2, '修改', '2', 'sys_oper_type', '', 'info', 'N', '0', 'admin', CURRENT_TIMESTAMP, '', NULL, '修改操作');
INSERT INTO sys_dict_data VALUES (21, 3, '删除', '3', 'sys_oper_type', '', 'danger', 'N', '0', 'admin', CURRENT_TIMESTAMP, '', NULL, '删除操作');
INSERT INTO sys_dict_data VALUES (22, 4, '授权', '4', 'sys_oper_type', '', 'primary', 'N', '0', 'admin', CURRENT_TIMESTAMP, '', NULL, '授权操作');
INSERT INTO sys_dict_data VALUES (23, 5, '导出', '5', 'sys_oper_type', '', 'warning', 'N', '0', 'admin', CURRENT_TIMESTAMP, '', NULL, '导出操作');
INSERT INTO sys_dict_data VALUES (24, 6, '导入', '6', 'sys_oper_type', '', 'warning', 'N', '0', 'admin', CURRENT_TIMESTAMP, '', NULL, '导入操作');
INSERT INTO sys_dict_data VALUES (25, 7, '强退', '7', 'sys_oper_type', '', 'danger', 'N', '0', 'admin', CURRENT_TIMESTAMP, '', NULL, '强退操作');
INSERT INTO sys_dict_data VALUES (26, 8, '生成代码', '8', 'sys_oper_type', '', 'warning', 'N', '0', 'admin', CURRENT_TIMESTAMP, '', NULL, '生成操作');
INSERT INTO sys_dict_data VALUES (27, 9, '清空数据', '9', 'sys_oper_type', '', 'danger', 'N', '0', 'admin', CURRENT_TIMESTAMP, '', NULL, '清空操作');
INSERT INTO sys_dict_data VALUES (28, 1, '成功', '0', 'sys_common_status', '', 'primary', 'N', '0', 'admin', CURRENT_TIMESTAMP, '', NULL, '正常状态');
INSERT INTO sys_dict_data VALUES (29, 2, '失败', '1', 'sys_common_status', '', 'danger', 'N', '0', 'admin', CURRENT_TIMESTAMP, '', NULL, '停用状态');

-- ----------------------------
-- 13、参数配置表
-- ----------------------------
CREATE TABLE sys_config (
  config_id         INTEGER GENERATED BY DEFAULT AS IDENTITY PRIMARY KEY,
  config_name       VARCHAR(100) DEFAULT '',
  config_key        VARCHAR(100) DEFAULT '',
  config_value      VARCHAR(500) DEFAULT '',
  config_type       CHAR(1) DEFAULT 'N',
  create_by         VARCHAR(64) DEFAULT '',
  create_time       TIMESTAMP,
  update_by         VARCHAR(64) DEFAULT '',
  update_time       TIMESTAMP,
  remark            VARCHAR(500) DEFAULT NULL
);

INSERT INTO sys_config VALUES (1, '主框架页-默认皮肤样式名称', 'sys.index.skinName', 'skin-blue', 'Y', 'admin', CURRENT_TIMESTAMP, '', NULL, '蓝色 skin-blue、绿色 skin-green、紫色 skin-purple、红色 skin-red、黄色 skin-yellow');
INSERT INTO sys_config VALUES (2, '用户管理-账号初始密码', 'sys.user.initPassword', '123456', 'Y', 'admin', CURRENT_TIMESTAMP, '', NULL, '初始化密码 123456');
INSERT INTO sys_config VALUES (3, '主框架页-侧边栏主题', 'sys.index.sideTheme', 'theme-dark', 'Y', 'admin', CURRENT_TIMESTAMP, '', NULL, '深色主题theme-dark，浅色主题theme-light');
INSERT INTO sys_config VALUES (4, '账号自助-验证码开关', 'sys.account.captchaEnabled', 'false', 'Y', 'admin', CURRENT_TIMESTAMP, '', NULL, '是否开启验证码功能（true开启，false关闭）');
INSERT INTO sys_config VALUES (5, '账号自助-是否开启用户注册功能', 'sys.account.registerUser', 'false', 'Y', 'admin', CURRENT_TIMESTAMP, '', NULL, '是否开启注册用户功能（true开启，false关闭）');
INSERT INTO sys_config VALUES (6, '用户登录-黑名单列表', 'sys.login.blackIPList', '', 'Y', 'admin', CURRENT_TIMESTAMP, '', NULL, '设置登录IP黑名单限制，多个匹配项以;分隔，支持匹配（*通配、网段）');
INSERT INTO sys_config VALUES (7, '用户管理-初始密码修改策略', 'sys.account.initPasswordModify', '1', 'Y', 'admin', CURRENT_TIMESTAMP, '', NULL, '0：初始密码修改策略关闭，没有任何提示，1：提醒用户，如果未修改初始密码，则在登录时就会提醒修改密码对话框');
INSERT INTO sys_config VALUES (8, '用户管理-账号密码更新周期', 'sys.account.passwordValidateDays', '0', 'Y', 'admin', CURRENT_TIMESTAMP, '', NULL, '密码更新周期（填写数字，数据初始化值为0不限制，若修改必须为大于0小于365的正整数），如果超过这个周期登录系统时，则在登录时就会提醒修改密码对话框');
INSERT INTO sys_config VALUES (9, '用户管理-密码字符范围', 'sys.account.chrtype', '0', 'Y', 'admin', CURRENT_TIMESTAMP, '', NULL, '默认任意字符范围，0任意（密码可以输入任意字符），1数字（密码只能为0-9数字），2英文字母（密码只能为a-z和A-Z字母），3字母和数字（密码必须包含字母，数字）,4字母数字和特殊字符（目前支持的特殊字符包括：~!@#$%^&*()-=_+）');

-- ----------------------------
-- 14、系统访问记录
-- ----------------------------
CREATE TABLE sys_logininfor (
  info_id           BIGINT GENERATED BY DEFAULT AS IDENTITY PRIMARY KEY,
  user_name         VARCHAR(50) DEFAULT '',
  ipaddr            VARCHAR(128) DEFAULT '',
  login_location    VARCHAR(255) DEFAULT '',
  browser           VARCHAR(50) DEFAULT '',
  os                VARCHAR(50) DEFAULT '',
  status            CHAR(1) DEFAULT '0',
  msg               VARCHAR(255) DEFAULT '',
  login_time        TIMESTAMP
);
CREATE INDEX idx_sys_logininfor_s ON sys_logininfor (status);
CREATE INDEX idx_sys_logininfor_lt ON sys_logininfor (login_time);

-- ----------------------------
-- 15、定时任务调度表
-- ----------------------------
CREATE TABLE sys_job (
  job_id              BIGINT GENERATED BY DEFAULT AS IDENTITY,
  job_name            VARCHAR(64) DEFAULT '',
  job_group           VARCHAR(64) DEFAULT 'DEFAULT',
  invoke_target       VARCHAR(500) NOT NULL,
  cron_expression     VARCHAR(255) DEFAULT '',
  misfire_policy      VARCHAR(20) DEFAULT '3',
  concurrent          CHAR(1) DEFAULT '1',
  status              CHAR(1) DEFAULT '0',
  create_by           VARCHAR(64) DEFAULT '',
  create_time         TIMESTAMP,
  update_by           VARCHAR(64) DEFAULT '',
  update_time         TIMESTAMP,
  remark              VARCHAR(500) DEFAULT '',
  PRIMARY KEY (job_id, job_name, job_group)
);

INSERT INTO sys_job VALUES (1, '系统默认（无参）', 'DEFAULT', 'ryTask.ryNoParams', '0/10 * * * * ?', '3', '1', '1', 'admin', CURRENT_TIMESTAMP, '', NULL, '');
INSERT INTO sys_job VALUES (2, '系统默认（有参）', 'DEFAULT', 'ryTask.ryParams(''ry'')', '0/15 * * * * ?', '3', '1', '1', 'admin', CURRENT_TIMESTAMP, '', NULL, '');
INSERT INTO sys_job VALUES (3, '系统默认（多参）', 'DEFAULT', 'ryTask.ryMultipleParams(''ry'', true, 2000L, 316.50D, 100)', '0/20 * * * * ?', '3', '1', '1', 'admin', CURRENT_TIMESTAMP, '', NULL, '');

-- ----------------------------
-- 16、定时任务调度日志表
-- ----------------------------
CREATE TABLE sys_job_log (
  job_log_id          BIGINT GENERATED BY DEFAULT AS IDENTITY PRIMARY KEY,
  job_name            VARCHAR(64) NOT NULL,
  job_group           VARCHAR(64) NOT NULL,
  invoke_target       VARCHAR(500) NOT NULL,
  job_message         VARCHAR(500),
  status              CHAR(1) DEFAULT '0',
  exception_info      VARCHAR(2000) DEFAULT '',
  start_time          TIMESTAMP,
  end_time            TIMESTAMP,
  create_time         TIMESTAMP
);

-- ----------------------------
-- 17、通知公告表
-- ----------------------------
CREATE TABLE sys_notice (
  notice_id         INTEGER GENERATED BY DEFAULT AS IDENTITY PRIMARY KEY,
  notice_title      VARCHAR(50) NOT NULL,
  notice_type       CHAR(1) NOT NULL,
  notice_content    TEXT DEFAULT NULL,
  status            CHAR(1) DEFAULT '0',
  create_by         VARCHAR(64) DEFAULT '',
  create_time       TIMESTAMP,
  update_by         VARCHAR(64) DEFAULT '',
  update_time       TIMESTAMP,
  remark            VARCHAR(255) DEFAULT NULL
);

-- ----------------------------
-- 初始化-公告信息表数据
-- ----------------------------
INSERT INTO sys_notice VALUES (1, '温馨提醒：2018-07-01 若依新版本发布啦', '2', '新版本内容', '0', 'admin', CURRENT_TIMESTAMP, '', NULL, '管理员');
INSERT INTO sys_notice VALUES (2, '维护通知：2018-07-01 若依系统凌晨维护', '1', '维护内容', '0', 'admin', CURRENT_TIMESTAMP, '', NULL, '管理员');
INSERT INTO sys_notice VALUES (3, '若依开源框架介绍', '1', '<p>若依开源项目是为企业用户定制的后台脚手架框架，涵盖用户管理、角色管理、部门管理、菜单管理、参数管理、字典管理、岗位管理、定时任务、服务监控、登录日志、操作日志和代码生成等功能。</p>', '0', 'admin', CURRENT_TIMESTAMP, '', NULL, '管理员');

-- ----------------------------
-- 18、公告已读记录表
-- ----------------------------
CREATE TABLE sys_notice_read (
  read_id          BIGINT GENERATED BY DEFAULT AS IDENTITY PRIMARY KEY,
  notice_id        INTEGER NOT NULL,
  user_id          BIGINT NOT NULL,
  read_time        TIMESTAMP NOT NULL,
  CONSTRAINT uk_sys_notice_read_user_notice UNIQUE (user_id, notice_id)
);

-- ----------------------------
-- 19、代码生成业务表
-- ----------------------------
CREATE TABLE gen_table (
  table_id          BIGINT GENERATED BY DEFAULT AS IDENTITY PRIMARY KEY,
  table_name        VARCHAR(200) DEFAULT '',
  table_comment     VARCHAR(500) DEFAULT '',
  sub_table_name    VARCHAR(64) DEFAULT NULL,
  sub_table_fk_name VARCHAR(64) DEFAULT NULL,
  class_name        VARCHAR(100) DEFAULT '',
  tpl_category      VARCHAR(200) DEFAULT 'crud',
  tpl_web_type      VARCHAR(30) DEFAULT '',
  package_name      VARCHAR(100),
  module_name       VARCHAR(30),
  business_name     VARCHAR(30),
  function_name     VARCHAR(50),
  function_author   VARCHAR(50),
  form_col_num      INTEGER DEFAULT 1,
  gen_type          CHAR(1) DEFAULT '0',
  gen_path          VARCHAR(200) DEFAULT '/',
  options           VARCHAR(1000),
  create_by         VARCHAR(64) DEFAULT '',
  create_time       TIMESTAMP,
  update_by         VARCHAR(64) DEFAULT '',
  update_time       TIMESTAMP,
  remark            VARCHAR(500) DEFAULT NULL
);

-- ----------------------------
-- 20、代码生成业务表字段
-- ----------------------------
CREATE TABLE gen_table_column (
  column_id         BIGINT GENERATED BY DEFAULT AS IDENTITY PRIMARY KEY,
  table_id          BIGINT,
  column_name       VARCHAR(200),
  column_comment    VARCHAR(500),
  column_type       VARCHAR(100),
  java_type         VARCHAR(500),
  java_field        VARCHAR(200),
  is_pk             CHAR(1),
  is_increment      CHAR(1),
  is_required       CHAR(1),
  is_insert         CHAR(1),
  is_edit           CHAR(1),
  is_list           CHAR(1),
  is_query          CHAR(1),
  query_type        VARCHAR(200) DEFAULT 'EQ',
  html_type         VARCHAR(200),
  dict_type         VARCHAR(200) DEFAULT '',
  sort              INTEGER,
  create_by         VARCHAR(64) DEFAULT '',
  create_time       TIMESTAMP,
  update_by         VARCHAR(64) DEFAULT '',
  update_time       TIMESTAMP
);

ALTER TABLE sys_dept ALTER COLUMN dept_id RESTART WITH 200;
ALTER TABLE sys_user ALTER COLUMN user_id RESTART WITH 100;
ALTER TABLE sys_post ALTER COLUMN post_id RESTART WITH 5;
ALTER TABLE sys_role ALTER COLUMN role_id RESTART WITH 100;
ALTER TABLE sys_menu ALTER COLUMN menu_id RESTART WITH 2000;
ALTER TABLE sys_oper_log ALTER COLUMN oper_id RESTART WITH 100;
ALTER TABLE sys_dict_type ALTER COLUMN dict_id RESTART WITH 100;
ALTER TABLE sys_dict_data ALTER COLUMN dict_code RESTART WITH 100;
ALTER TABLE sys_config ALTER COLUMN config_id RESTART WITH 100;
ALTER TABLE sys_logininfor ALTER COLUMN info_id RESTART WITH 100;
ALTER TABLE sys_job ALTER COLUMN job_id RESTART WITH 100;
ALTER TABLE sys_notice ALTER COLUMN notice_id RESTART WITH 10;

COMMIT;
