-- nwueyes 本地业务数据快照（演示 / 联调）
-- 用法（在 nwueyes_full_install.sql 或 migration 001-012 之后）:
--   psql -U postgres -d nwueyes -f sql/seed_local_snapshot.sql
-- 需配合仓库根目录（或 storageRoot）下的 face_library、log_library、snapshot_library 等图片目录。
-- 含摄像头序列号/验证码占位，部署到生产请改 camera 表。
--
-- PostgreSQL database dump
--

\restrict tlpdcH2cz8XCLCLghzAEeLRx6l5wJ1h3Jna5M2jjucuRdi9Tg7j2K8oJgFxn6N2

-- Dumped from database version 18.3
-- Dumped by pg_dump version 18.3

SET statement_timeout = 0;
SET lock_timeout = 0;
SET idle_in_transaction_session_timeout = 0;
SET transaction_timeout = 0;
SET client_encoding = 'UTF8';
SET standard_conforming_strings = on;
SELECT pg_catalog.set_config('search_path', '', false);
SET check_function_bodies = false;
SET xmloption = content;
SET client_min_messages = warning;
SET row_security = off;

--
-- Data for Name: ai_analysis_results; Type: TABLE DATA; Schema: public; Owner: postgres
--



--
-- Data for Name: attendance_daily_stats; Type: TABLE DATA; Schema: public; Owner: postgres
--

INSERT INTO public.attendance_daily_stats (id, stat_date, total_registry_count, attended_count, attendance_rate, stranger_total_count, computed_at) VALUES (1, '2026-06-01', 1, 1, 100.00, 1, '2026-06-15 17:52:42.640635+08');


--
-- Data for Name: device_type; Type: TABLE DATA; Schema: public; Owner: postgres
--

INSERT INTO public.device_type (id, type_code, type_name, remark, created_at, updated_at) VALUES (1, 'ipc', '网络摄像机', '默认设备类型', '2026-06-18 21:16:18.351712+08', '2026-06-18 21:16:18.351712+08');


--
-- Data for Name: camera; Type: TABLE DATA; Schema: public; Owner: postgres
--

INSERT INTO public.camera (id, device_code, device_name, type_id, install_location, ip_addr, channel_no, serial_no, verify_code, online_status, line_y, roi, ref_width, ref_height, created_at, updated_at) VALUES (2068, 'CAM-206', '智能考勤', 1, NULL, NULL, 1, 'BH7367243', '', 'online', 658, '640,35,1250,680', 1920, 1080, '2026-06-16 23:17:38.185746+08', '2026-06-16 23:17:38.185746+08');
INSERT INTO public.camera (id, device_code, device_name, type_id, install_location, ip_addr, channel_no, serial_no, verify_code, online_status, line_y, roi, ref_width, ref_height, created_at, updated_at) VALUES (1, 'CAM-001', '实验室正门', 1, NULL, '192.168.3.84', 1, 'BK4225491', 'NAFSVR', 'online', 955, '733,311,1202,904', 1920, 1080, '2026-05-23 22:52:09.1764+08', '2026-06-21 17:51:15.605969+08');


--
-- Data for Name: persons; Type: TABLE DATA; Schema: public; Owner: postgres
--

INSERT INTO public.persons (id, display_name, note, created_at, updated_at, employee_no, person_type, face_image_url, nick_name, gender, phone, email, dept_id, status, avatar_url, video_url) VALUES (1, '任学长', '', '2026-06-01 19:58:50.030805+08', '2026-06-01 19:59:46.943639+08', NULL, 'student', NULL, '', '0', '', '', NULL, '0', '', '');
INSERT INTO public.persons (id, display_name, note, created_at, updated_at, employee_no, person_type, face_image_url, nick_name, gender, phone, email, dept_id, status, avatar_url, video_url) VALUES (2, '未登记-live_7', '', '2026-06-01 20:00:27.761517+08', '2026-06-01 20:00:27.761517+08', NULL, 'stranger', NULL, '', '0', '', '', NULL, '0', '', '');
INSERT INTO public.persons (id, display_name, note, created_at, updated_at, employee_no, person_type, face_image_url, nick_name, gender, phone, email, dept_id, status, avatar_url, video_url) VALUES (3, '赵攀', NULL, '2026-06-21 14:18:21.988433+08', '2026-06-21 14:18:21.988433+08', '2024117427', 'student', '/dashboard/data-board/file/face/face_zhaopan_2024117427.jpg', '', '0', '', '', NULL, '0', '/dashboard/data-board/file/face/face_zhaopan_2024117427.jpg', '');
INSERT INTO public.persons (id, display_name, note, created_at, updated_at, employee_no, person_type, face_image_url, nick_name, gender, phone, email, dept_id, status, avatar_url, video_url) VALUES (4, '未登记-live_17', '', '2026-06-21 17:55:04.591589+08', '2026-06-21 18:01:54.185639+08', NULL, 'student', NULL, '', '0', '', '', NULL, '0', '', '');
INSERT INTO public.persons (id, display_name, note, created_at, updated_at, employee_no, person_type, face_image_url, nick_name, gender, phone, email, dept_id, status, avatar_url, video_url) VALUES (5, '未登记-live_4', '', '2026-06-21 18:07:29.950824+08', '2026-06-21 18:07:29.950824+08', NULL, 'stranger', NULL, '', '0', '', '', NULL, '0', '', '');
INSERT INTO public.persons (id, display_name, note, created_at, updated_at, employee_no, person_type, face_image_url, nick_name, gender, phone, email, dept_id, status, avatar_url, video_url) VALUES (6, '未登记-yolo_18', '', '2026-06-21 19:44:53.045554+08', '2026-06-21 19:44:53.045554+08', NULL, 'stranger', NULL, '', '0', '', '', NULL, '0', '', '');
INSERT INTO public.persons (id, display_name, note, created_at, updated_at, employee_no, person_type, face_image_url, nick_name, gender, phone, email, dept_id, status, avatar_url, video_url) VALUES (7, '未登记-yolo_19', '', '2026-06-21 19:45:02.532833+08', '2026-06-21 19:45:02.532833+08', NULL, 'stranger', NULL, '', '0', '', '', NULL, '0', '', '');
INSERT INTO public.persons (id, display_name, note, created_at, updated_at, employee_no, person_type, face_image_url, nick_name, gender, phone, email, dept_id, status, avatar_url, video_url) VALUES (8, '未登记-yolo_1', '', '2026-06-21 20:13:30.528979+08', '2026-06-21 20:13:30.528979+08', NULL, 'stranger', NULL, '', '0', '', '', NULL, '0', '', '');
INSERT INTO public.persons (id, display_name, note, created_at, updated_at, employee_no, person_type, face_image_url, nick_name, gender, phone, email, dept_id, status, avatar_url, video_url) VALUES (9, '未登记-live_5', '', '2026-06-21 21:29:53.006983+08', '2026-06-21 21:29:53.006983+08', NULL, 'stranger', NULL, '', '0', '', '', NULL, '0', '', '');
INSERT INTO public.persons (id, display_name, note, created_at, updated_at, employee_no, person_type, face_image_url, nick_name, gender, phone, email, dept_id, status, avatar_url, video_url) VALUES (10, '未登记-live_4', '', '2026-06-21 21:29:56.2342+08', '2026-06-21 21:29:56.2342+08', NULL, 'stranger', NULL, '', '0', '', '', NULL, '0', '', '');


--
-- Data for Name: presence_sessions; Type: TABLE DATA; Schema: public; Owner: postgres
--

INSERT INTO public.presence_sessions (id, camera_id, person_id, track_key, arrival_at, departure_at, dwell_seconds, status, best_match_score, face_image_url, created_at, updated_at, body_image_url, enter_body_embedding, attendance_date) VALUES (1, 1, 1, 'live_4', '2026-06-01 19:58:50+08', '2026-06-01 20:00:13+08', 83, 'closed', 0.6198047, '', '2026-06-01 19:58:50.030805+08', '2026-06-01 20:00:13.592614+08', '/dashboard/storage/file/log/body/2026/06/01/live_live_c7103fd7d58b45c6a2024f0138399c70_live_6_1780315213556_body.jpg', '[0.008139,0.061625,0,0.029639,0,0.070393,0,0,0,0.046161,0,0,0.056711,0.123937,0.003811,0,0,0,0.090322,0.068871,0.000822,0,0.091118,0,0,0.148199,0.03939,0.100677,0,0.003629,0,0,0.038909,0,0.027601,0.006333,0.00199,0,0,0,0.137317,0.01616,0,0.053375,0,0,0,0.019719,0,0,0.008225,0,0,0,0.017059,0,0,0.139729,0,0,0,0.131061,0,0,0.023182,0.009275,0.100406,0,0.028246,0,0.064994,0.111319,0,0.009925,0.016876,0,0,0,0,0.04885,0.065185,0.060078,0.035568,0.035773,0,0.105281,0,0.160142,0.008536,0,0,0,0,0.066003,0,0,0,0.097852,0.164764,0.004087,0,0,0.022404,0,0,0,0.120052,0,0,0,0,0.01536,0.062799,0,0.056861,0,0.048946,0.008763,0.037737,0.100796,0,0.126215,0.065579,0.052521,0,0,0.012111,0,0,0,0.007133,0,0.141312,0.114149,0,0.018753,0,0.064263,0,0.02794,0.158132,0.060281,0,0,0,0,0,0.105022,0,0.010882,0.027006,0.006066,0,0,0,0,0,0.107339,0.068094,0.093655,0,0.059277,0.015927,0,0.020308,0,0.01167,0.074749,0.071229,0,0.026494,0,0,0,0,0,0,0,0.042396,0,0.029362,0.020023,0,0,0,0,0.027086,0,0,0,0.022776,0.028101,0,0,0.000979,0,0.147389,0.043706,0.006211,0.050542,0.01196,0.082787,0,0.010142,0.014577,0,0,0,0.056118,0,0.073609,0.027992,0,0.051174,0.037985,0,0.051857,0,0.00111,0,0,0,0,0,0.072824,0.021261,0.026748,0.00353,0.007362,0.006616,0,0.082904,0,0.036994,0.018035,0,0,0.006647,0.036569,0.152179,0.068444,0,0.014502,0.040659,0,0.051272,0,0.068308,0,0,0.101497,0.035034,0,0.0141,0,0,0.022908,0,0.06334,0,0.042064,0,0.010339,0.015414,0.029288,0.068157,0,0.113715,0.014845,0,0.017381,0,0,0,0,0,0.022072,0,0.003794,0,0,0.096776,0.036338,0.072266,0.005873,0.118353,0,0,0,0.063331,0,0.057926,0.044316,0.044866,0.149364,0,0,0,0.060653,0.055331,0,0.038314,0.018746,9.7e-05,0,0.002324,0.116192,0.025141,0,0,0.010286,0.114755,0.035645,0.082898,0.023124,0.001946,0.021062,0,0,0,0,0,0.020424,0.008637,0,0.042337,0,0.038009,0.070498,0,0.045267,0,0.0147,0,0.092876,0,0.044975,0,0.001666,0.003602,0.088554,0.058567,0,0.033713,0,0,0.01385,0.110092,0.063993,0.066254,0,0,0.101664,0,0.001649,0.030992,0.167458,0,0.061036,0,0.107988,0,0.007213,0.036447,0,0,0,0,0.121431,0.008878,0.028929,0,0.073935,0.026202,0,0.101152,0,0,0.011973,0,0.014641,0,0.025488,0,0,0,0,0.051958,0,0.030419,0.054194,0.019094,0.075026,0.094376,0,0,0,0.005651,0.018059,0.123055,0.048847,0,0,0,0,0,0,0.021306,0.009166,0.043258,0.007287,0.047681,0.04132,0,0.106009,0.075936,0,0,0,0.004929,0,0,0,0,0,0,0.001378,0,0,0,0.026354,0,0,0,0.008795,0.015051,0,0,0,0.050259,0,0.053837,0,0.007687,0,0.045223,0.055042,0,0,0,0.037076,0,0,0.095546,0.043961,0,0,0.026726,0,0.004147,0,0.062955,0.012247,0,0,0,0,0.010536,0,0,0,0.049799,0.049191,0,0,0.052777,0.009668,0,0,0.044768,0.024542,0,0,0.075017,0.012446,0.072095,0.033797,0,0.064045,0,0.004292,0,0.086011,0,0.032081,0.049867,0,0,0,0,0,0,0.110735,0,0,0,0,0.119358,0,0,0.012891,0]', '2026-06-01');
INSERT INTO public.presence_sessions (id, camera_id, person_id, track_key, arrival_at, departure_at, dwell_seconds, status, best_match_score, face_image_url, created_at, updated_at, body_image_url, enter_body_embedding, attendance_date) VALUES (4, 1, 1, 'probe_test_001', '2026-06-20 21:00:00+08', '2026-06-20 21:05:00+08', 300, 'closed', 1, NULL, '2026-06-20 20:53:05.855165+08', '2026-06-20 20:53:34.961478+08', NULL, '[0,0,0,0,0.061133,0.06151,0,0.052798,0,0.087309,0.019633,0.024157,0.129913,0.023218,0.047789,0,0,0,0,0,0,0,0,0,0,0.058026,0,0,0.018974,0.151558,0,0,0,0.046476,0,0.068253,0.047467,0.066323,0,0,0.151262,0.034989,0,0.05017,0,0,0.073756,0,0,0,0.059625,0.028725,0,0,0,0,0.022052,0.092385,0,0,0,0.136086,0,0,0,0,0.059305,0,0.091959,0.042688,0,0.097024,0.004634,0,0.019903,0.081528,0,0,0.122036,0.09774,0.006859,0,0.007434,0,0,0.052907,0.012186,0.010632,0,0.028915,0,0.067346,0,0,0.037753,0.007791,0,0.099379,0.181379,0,0.070525,0.015272,0,0.017478,0,0.028239,0.077885,0,0,0,0,0.018594,0.014917,0.008865,0.034907,0,0.044812,0,0,0.016223,0,0.077581,0.077934,0,0,0,0,0.023466,0.00677,0,0,0.08527,0.06023,0,0,0.03658,0.058707,0,0.06673,0,0.109724,0,0.018226,0,0,0,0,0.067405,0,0.062061,0.10968,0,0.009569,0,0,0,0.105496,0.152278,0.062331,0,0.093281,0.050383,0.012587,0,0.062723,0.097172,0,0.090305,0.012048,0.044636,0,0,0,0,0.056317,0.034075,0,0,0,0,0,0.05551,0,0,0,0,0.009063,0,0.091832,0,0,0.03087,0,0,0,0.026841,0.058242,0.000385,0.012621,0,0,0,0,0,0.068782,0,0,0.042357,0.013381,0,0,0.076833,0,0.08677,0.126235,0,0.022136,0,0,0,0,0.042978,0.024478,0,0,0.041636,0.111049,0,0.00411,0.069983,0,0,0,0,0.110156,0,0,0,0.077547,0.055832,0.033768,0,0.04633,0.088806,0,0,0,0,0,0,0,0.031592,0,0.019378,0.050561,0,5.2e-05,0,0.07246,0,0,0,0,0,0.030641,0,0.048685,0.037541,0.059469,0.066713,0.032595,0,0,0,0,0,0,0,0,0,0.026313,0.127176,0.004067,0,0.02128,0.133269,0.066433,0,0.052969,0.12597,0,0,0,0.052487,0.072468,0,0.05077,0,0.037083,0.000291,0,0.011861,0,0,0,0.014268,0.08659,0.008568,0,0.028076,0.006534,0.055505,0,0.04049,0,0,0,0,0.044247,0,0,0,0.041023,0.062301,0,0,0,0,0,0.011702,0.028423,0,0.000668,0,0,0.041576,0.041144,0,0,4.2e-05,0.008032,0.123398,0,0,0.064028,0.018555,0.078315,0.145822,0.120194,0.137447,0.042981,0,0,0,0,0,0.178756,0.033847,0.08284,0,0.013791,0,0.050895,0.105138,0.051076,0,0,0,0.028534,0,0.038645,0,0.065256,0,0,0.213176,0.019323,0,0,0,0.002639,0,0.073947,0,0,0,0,0.018855,0.018145,0,0.065459,0,0.033522,0.01141,0.003026,0.020759,0,0,0,0,0,0,0,0.057417,0,0,0,0.00094,0,0.031128,0,0.065553,0.020473,0.00813,0,0,0,0,0,0.034316,0.09212,0,0,0,0,0.046806,0,0.030134,0.06328,0,0.005125,0,0.025987,0.068342,0.077046,0.032453,0,0,0,0.062267,0,0.075494,0,0.023808,0,0,0.079295,0,0.011857,0,0,0,0.108793,0.007213,0.005874,0,0.03303,0.033839,0,0.014573,0.027177,0,0.066339,0,0,0,0,0.016492,0,0,0,0.055141,0,0.038828,0,0.029436,0.024216,0.112057,0,0,0.04747,0,0,0.052837,0,0.101562,0.053902,0,0.133084,0.055053,0,0.134345,0,0,0.08244,0,0,0,0,0,0,0.002853,0,0,0,0,0,0.020365,0.020277,0.004425,0.051233,0.023353]', '2026-06-20');
INSERT INTO public.presence_sessions (id, camera_id, person_id, track_key, arrival_at, departure_at, dwell_seconds, status, best_match_score, face_image_url, created_at, updated_at, body_image_url, enter_body_embedding, attendance_date) VALUES (5, 1, 4, 'live_17', '2026-06-21 17:55:04+08', NULL, NULL, 'open', NULL, NULL, '2026-06-21 17:55:04.591589+08', '2026-06-21 17:55:04.591589+08', NULL, NULL, '2026-06-21');
INSERT INTO public.presence_sessions (id, camera_id, person_id, track_key, arrival_at, departure_at, dwell_seconds, status, best_match_score, face_image_url, created_at, updated_at, body_image_url, enter_body_embedding, attendance_date) VALUES (6, 1, 5, 'live_4', '2026-06-21 18:07:29+08', '2026-06-21 19:39:59.77+08', 5550, 'closed', 0.6323473, NULL, '2026-06-21 18:07:29.950824+08', '2026-06-21 19:44:44.67173+08', NULL, '[0.040132,0.005979,0,0,0,0.023711,0,0.010576,0.040801,0,0,0.011904,0.03319,0,0.029265,0,0,0,0.087517,0,0.064502,0.010391,0.025362,0,0,0.065613,0,0.018501,0.027593,0,0,0.068677,0.065046,0.062944,0.051241,0,0,0,0,0,0.060768,0.100257,0,0,0.058793,0.094611,0.013714,0,0,0.004333,0.079828,0,0,0,0.072465,0,0.077458,0.053821,0,0.02704,0,0.116996,0.07782,0.038094,0.009971,0.020374,0.145793,0,0.016653,0,0.103843,0.027401,0,0.027407,0,0,0,0,0,0.036093,0.024896,0.170483,0.023204,0,0,0,0,0.122784,0,0.002459,0,0,0,0.061169,0.004423,0.001577,0.009281,0.052221,0.034598,0.020056,0,0,0,0.061882,0,0,0.072987,0.028339,0,0,0,0,0.012049,0,0.040091,0,0.028684,0.012998,0,0,0,0,0.091941,0.039287,0.008071,0,0.067967,0,0,0,0.052995,0,0.157644,0.071002,0.038001,0,0,0.113602,0,0.012567,0.059103,0,0,0,0.082156,0.059455,0,0.132492,0,0,0,0.035096,0,0,0,0.038522,0,0,0.077054,0.062854,0,0,0.004866,0.078153,0,0,0.003737,0.150852,0.008835,0,0.09886,0.078832,0,0,0,0,0.024353,0,0.03726,0,0.038452,0,0,0,0,0,0,0.036753,0,0,0.019941,0.147208,0,0.044854,0,0,0,0.152899,0,0.042083,0.014036,0.099191,0,0,0,0,0.073312,0,0,0,0.069664,8.3e-05,0,0.104565,0.047847,0,0,0,0,0,0,0.011521,0,0,0.042052,0,0.14724,0.075137,0,0.024564,0,0.038578,0,0.0019,0.068771,0.020991,0,0.047586,0.062147,0.102168,0.020987,0.031826,0.024615,0.098232,0,0,0,0.019946,0,0,0.161436,0,0,0,0,0,0,0.075152,0.020084,0,0,0,0.065968,0,0.053187,0.015472,0,0.095437,0.007988,0.006049,0.036714,0,0.105877,0,0.003334,0,0,0,0,0.005375,0,0.042568,0.051273,0,0.037375,0.001871,0,0.078362,0,0.026981,0,0.066748,0,0,0.060998,0,0,0.028587,0.067412,0.14213,0,0,0.057142,0,0.097018,0.066518,0,0.044807,0.019741,0,0,0.02918,0.097698,0,0.023872,0.051724,0,0,0.010892,0,0,0,0,0.050545,0,0,0,0.028548,0.059192,0.088112,0.034374,0,0,0,0.033239,0,0.068367,0,0,0.008636,0,0.042027,0,0,0,0,0,0.05383,0,0,0,0,0.084693,0,0.070994,0.031458,0.071305,0,0.059994,0,0.086171,0,0,0.045898,0,0,0,0,0.075606,0.018822,0.013265,0,0.0576,0.032844,0,0.115037,0.026006,0,0.017735,0,0,0,0.096482,0.03774,0.021652,0.079215,0.064995,0.02871,0.041167,0.066548,0.012454,0.003785,0.029894,0,0,0.029253,0,0,0.040709,0.049315,0.057253,0.109976,0,0,0.128835,0,0,0,0.078975,0.0576,0.045228,0.056863,0.123686,0,0.051719,0,0,0,0,0.066452,0,0,0,0,0,0,0.074001,0.067105,0,0.1991,0.01803,0,0,0,0,0.063305,0,0.035177,0,0.040119,0.005979,0,0,0,0,0,0.091388,0,0,0,0,0,0,0.090533,0,0,0,0.080963,0,0.030583,0.094497,0,0,0.03624,0,0,0.034078,0.000796,0,0,0,0.055173,0.00773,0,0,0,0,0,0,0.011122,0.070222,0,0,0,0,0.076553,0.024249,0,0,0,0.159106,0.004328,0.045576,0.00461,0,0,0,0,0.009008,0,0.00792,0,0.022384,0,0.066417,0,0,0.079981,0,0.09292,0.066092,0]', '2026-06-21');
INSERT INTO public.presence_sessions (id, camera_id, person_id, track_key, arrival_at, departure_at, dwell_seconds, status, best_match_score, face_image_url, created_at, updated_at, body_image_url, enter_body_embedding, attendance_date) VALUES (7, 1, 6, 'yolo_18', '2026-06-21 19:40:11.37+08', '2026-06-21 19:51:22.77+08', 671, 'closed', 0.5471367, NULL, '2026-06-21 19:44:53.045554+08', '2026-06-21 20:05:34.015636+08', NULL, '[0.007933,0,0,0,0,0.059048,0,0,0,0,0,0.011319,0.09325,0,0,0,0,0,0.114178,0.066568,0.111692,0.029958,0.072884,0,0,0.047236,0,0.028723,0.005351,0.003105,0,0.018779,0.11627,0.050971,0.062708,0,0,0.025752,0,0,0,0.059049,0,0,0,0,0,0.042109,0,0,0.066504,0,0,0,0.015383,0.001622,0.011977,0.01656,0,0,0,0.066773,0.019471,0,0,0.038834,0.147837,0.054239,0,0,0.014235,0.038469,0,0.075918,0,0,0,0,0,0,0.033998,0.082164,0.048242,0,0,0,0.030584,0.052049,0.018522,0,0,0,0,0,0.034044,0,0.022901,0.046041,0.103623,0.056763,0,0,0,0.018357,0,0,0,0.075984,0,0,0.019718,0.003342,0.060341,0.025884,0,0,0,0.050666,0.039736,0,0,0,0.055095,0,0.067081,0,0,0.033998,0,0,0.00664,0,0.152413,0.039503,0.082635,0.032861,0,0.006494,0,0,0.023817,0,0.022865,0,0.079384,0,0,0.08232,0,0,0.034084,0.083461,0,0,0,0.031299,0,0,0.10721,0.002851,0,0,0,0.031132,0,0,0,0.141123,0.054522,0,0.057907,0,0,0.031066,0,0,0,0,0,0,0.043048,0,0,0,0.003737,0,0.033348,0,0,0,0.077677,0.168637,0,0.159081,0.042084,0,0.026246,0.036566,0,0.074237,0,0.10583,0.011256,0,0,0,0,0,0,0.024611,0.071637,0,0,0.035056,0,0,0,0,0,0,0.006574,0,0,0,0,0,0.111443,0.103846,0,0,0,0.023355,0,0.117454,0.081617,0,0,0.110753,0.048374,0.135237,0,0,0.019933,0.096618,0,0,0,0.064946,0,0.006966,0.145181,0,0,0,0,0,0.057835,0.017267,0.031952,0.082354,0,0,0.050271,0,0.012648,0.00351,0.022066,0.138244,0.018842,0.033112,0,0,0,0,0.083567,0.023029,0.148604,0,0,0.032602,0.002735,0.001891,0.057282,0,0.014935,0.052037,0,0.102952,0,0.035832,0,0.075872,0.011517,0,0,0,0,0.072433,0.044307,0.133316,0,0,0.013777,0,0.109345,0.029768,0.03907,0,0,0,0,0,0.087205,0,0.053404,0.050045,0,0,0,0,0.006335,0,0,0.030455,0.020821,0,0.031964,0.116214,0,0,0.087385,0,0,0,0,0,0,0,0,0,0,0.070958,0,0.061646,0,0.029653,0,0.050404,0,0,0,0,0.111805,0,0.043941,0.058141,0.044422,0,0,0,0.049376,0,0,0,0.010563,0,0.029745,0,0.026409,0,0,0,0,0.08526,0,0.011089,0.021561,0,0.087535,0,0.028267,0,0.066556,0,0.021571,0.044195,0.096484,0,0.154359,0.105763,0,0,0.040382,0,0.013537,0.034505,0,0.008419,0.118655,0.013025,0.083154,0.080785,0,0,0.180728,0,0,0,0,0.097606,0.092619,0.072907,0.178046,0,0.055668,0,0,0,0,0.143051,0,0,0,0.022824,0,0,0.057497,0.007589,0,0.014892,0.044807,0.080016,0.081606,0.04023,0,0,0,0.113382,0,0,0,0.066401,0,0,0,0,0,0,0,0,0,0,0,0.086531,0,0,0,0.064404,0,0,0.060436,0,0,0,0,0,0.047341,0.004754,0,0,0,0,0.031473,0,0,0.040662,0,0,0,0.049205,0.112045,0,0.074814,0.053597,0.035279,0.087197,0.017243,0,0,0,0.081816,0,0.013243,0,0,0.044395,0.013495,0,0,0.049475,0,0,0,0,0,0,0.025127,0.074503,0,0.064092,0.011387,0]', '2026-06-21');
INSERT INTO public.presence_sessions (id, camera_id, person_id, track_key, arrival_at, departure_at, dwell_seconds, status, best_match_score, face_image_url, created_at, updated_at, body_image_url, enter_body_embedding, attendance_date) VALUES (8, 1, 7, 'yolo_19', '2026-06-21 19:40:16.17+08', '2026-06-21 19:51:25.23+08', 669, 'closed', 0.88334996, NULL, '2026-06-21 19:45:02.532833+08', '2026-06-21 20:05:37.969239+08', NULL, '[0.03119,0,0,0.033361,0,0.07333,0,0.022166,0,0,0.033584,0.049891,0.153298,0.016384,0.053055,0,0,0,0.105915,0.087426,0.041285,0.002884,0.079768,0,0,0.067967,0,0,0.05319,0,0,0,0.065586,0.041387,0.00963,0,0,0,0,0,0.090326,0,0,0,0.035819,0,0,0,0,0,0.111141,0,0,0.059426,0.115673,0.003509,0.049826,0.069734,0,0,0,0.029807,0.134634,0,0,0,0.11698,0.016135,0.036396,0,0.030825,0.010842,0,0.028347,0,0,0,0.006154,0.025787,0.127579,0,0.034324,0.013291,0.021427,0,0,0,0.02195,0,0,0,0,0,0.040432,0.059252,0,0.018844,0.062551,0.021283,0,0,0,0,0.009801,0.024527,0,0,0.0732,0.022946,0,0.008733,0,0.006728,0.025152,0.014073,0,0,0.045728,0.020988,0,0,0,0.029289,0,0.105806,0,0,0,0,0,0,0,0.062481,0.129584,0.063195,0,0.04906,0.033126,0,0,0.073534,0,0.058925,0,0.023857,0.052246,0,0.136911,0,0,0,0.054182,0,0,0,0,0.008345,0.007768,0.050307,0.129641,0,0.004386,0,0.065571,0.030658,0,0,0.111221,0,0,0.06367,0.042453,0,0,0,0,0,0,0,0,0.025578,0,0,0.017625,0,0,0,0.039062,0,0,0.068406,0.068521,0,0.094359,0.051059,0.026993,0.084782,0.024828,0,0.032541,0,0.024548,0.070723,0,0,0,0,0,0.026264,0.056534,0.082822,0,0,0.077986,0.007955,0,0,0,0,0,0.003571,0,0,0,0,0.096429,0.058006,0.145316,0,0,0.05477,0.069489,0,0.031942,0.034115,0.00932,0,0.053217,0.116258,0.168188,0,0.146677,0.031874,0.129722,0,0,0,0.112765,0,0,0.149819,0.014223,0,0,0,0,0.020042,0,0,0.063148,0,0,0.009558,0.012415,0.05485,0.008876,0,0.149073,0.064308,0.086634,0.061276,0,0,0,0.030769,0,0.043998,0,0,0.025572,0.047305,0.069048,0.026893,0,0.107083,0.107949,0,0.099434,0,0,0,0.031657,0.036305,0,0.015234,0,0,0.001009,0.079577,0.142939,0.033121,0,0.021978,0,0.141359,0.022435,0.017529,0.012374,0,0,0.019838,0,0.042097,0,0.045035,0.04664,0,0,0.032564,0,0,0,0,0.031814,0,0,0.011083,0.054736,0,0.06478,0.013135,0,0,0.032704,0,0.009465,0.052394,0,0.060661,0,0.038141,0,0,0.039415,0.043477,0,0,0.023742,0,0,0,0,0.097492,0.002362,0.161527,0.037935,0.07327,0,0.031908,0,0.017112,0,0.001391,0,0,0,0.026623,0,0,0,0,0,0.045366,0.052622,0,0.059447,0.004347,0.012826,0.114465,0,0.026248,0,0.036246,0.021093,0.086299,0.049011,0.042356,0,0.106515,0.004769,0,0,0.084335,0,0.061583,0.015542,0,0.001771,0.069376,0.154697,0.011603,0.018362,0,0,0.149061,0,0,0,0.043548,0.076102,0.053349,0.053311,0.135724,0,0.011322,0,0,0,0,0.099843,0,0,0,0,0,0,0,0,0,0.040437,0.053296,0.055843,0.044327,0.070127,0,0.090343,0,0,0,0,0,0.02873,0,0,0,0,0,0,0,0.007278,0,0.013333,0,0.097537,0,0,0,0.077954,0.023855,0,0.023353,0,0,0.009898,0,0,0.035878,0.029873,0,0.023939,0,0,0,0,0,0.036176,0.071711,0.027637,0,0,0.114561,0,0.079789,0.043069,0.023593,0.065838,0.071971,0,0,0,0.05046,0,0.066646,0.012354,0,0,0,0,0,0.004978,0.024241,0,0,0.009781,0.003985,0,0.002423,0,0,0.089205,0,0]', '2026-06-21');
INSERT INTO public.presence_sessions (id, camera_id, person_id, track_key, arrival_at, departure_at, dwell_seconds, status, best_match_score, face_image_url, created_at, updated_at, body_image_url, enter_body_embedding, attendance_date) VALUES (9, 1, 6, 'yolo_18', '2026-06-21 19:51:34.37+08', '2026-06-21 20:23:14+08', 1899, 'closed', 0.6675042, NULL, '2026-06-21 20:05:42.286827+08', '2026-06-21 20:23:14.854381+08', NULL, '[0.007933,0,0,0,0,0.059048,0,0,0,0,0,0.011319,0.09325,0,0,0,0,0,0.114178,0.066568,0.111692,0.029958,0.072884,0,0,0.047236,0,0.028723,0.005351,0.003105,0,0.018779,0.11627,0.050971,0.062708,0,0,0.025752,0,0,0,0.059049,0,0,0,0,0,0.042109,0,0,0.066504,0,0,0,0.015383,0.001622,0.011977,0.01656,0,0,0,0.066773,0.019471,0,0,0.038834,0.147837,0.054239,0,0,0.014235,0.038469,0,0.075918,0,0,0,0,0,0,0.033998,0.082164,0.048242,0,0,0,0.030584,0.052049,0.018522,0,0,0,0,0,0.034044,0,0.022901,0.046041,0.103623,0.056763,0,0,0,0.018357,0,0,0,0.075984,0,0,0.019718,0.003342,0.060341,0.025884,0,0,0,0.050666,0.039736,0,0,0,0.055095,0,0.067081,0,0,0.033998,0,0,0.00664,0,0.152413,0.039503,0.082635,0.032861,0,0.006494,0,0,0.023817,0,0.022865,0,0.079384,0,0,0.08232,0,0,0.034084,0.083461,0,0,0,0.031299,0,0,0.10721,0.002851,0,0,0,0.031132,0,0,0,0.141123,0.054522,0,0.057907,0,0,0.031066,0,0,0,0,0,0,0.043048,0,0,0,0.003737,0,0.033348,0,0,0,0.077677,0.168637,0,0.159081,0.042084,0,0.026246,0.036566,0,0.074237,0,0.10583,0.011256,0,0,0,0,0,0,0.024611,0.071637,0,0,0.035056,0,0,0,0,0,0,0.006574,0,0,0,0,0,0.111443,0.103846,0,0,0,0.023355,0,0.117454,0.081617,0,0,0.110753,0.048374,0.135237,0,0,0.019933,0.096618,0,0,0,0.064946,0,0.006966,0.145181,0,0,0,0,0,0.057835,0.017267,0.031952,0.082354,0,0,0.050271,0,0.012648,0.00351,0.022066,0.138244,0.018842,0.033112,0,0,0,0,0.083567,0.023029,0.148604,0,0,0.032602,0.002735,0.001891,0.057282,0,0.014935,0.052037,0,0.102952,0,0.035832,0,0.075872,0.011517,0,0,0,0,0.072433,0.044307,0.133316,0,0,0.013777,0,0.109345,0.029768,0.03907,0,0,0,0,0,0.087205,0,0.053404,0.050045,0,0,0,0,0.006335,0,0,0.030455,0.020821,0,0.031964,0.116214,0,0,0.087385,0,0,0,0,0,0,0,0,0,0,0.070958,0,0.061646,0,0.029653,0,0.050404,0,0,0,0,0.111805,0,0.043941,0.058141,0.044422,0,0,0,0.049376,0,0,0,0.010563,0,0.029745,0,0.026409,0,0,0,0,0.08526,0,0.011089,0.021561,0,0.087535,0,0.028267,0,0.066556,0,0.021571,0.044195,0.096484,0,0.154359,0.105763,0,0,0.040382,0,0.013537,0.034505,0,0.008419,0.118655,0.013025,0.083154,0.080785,0,0,0.180728,0,0,0,0,0.097606,0.092619,0.072907,0.178046,0,0.055668,0,0,0,0,0.143051,0,0,0,0.022824,0,0,0.057497,0.007589,0,0.014892,0.044807,0.080016,0.081606,0.04023,0,0,0,0.113382,0,0,0,0.066401,0,0,0,0,0,0,0,0,0,0,0,0.086531,0,0,0,0.064404,0,0,0.060436,0,0,0,0,0,0.047341,0.004754,0,0,0,0,0.031473,0,0,0.040662,0,0,0,0.049205,0.112045,0,0.074814,0.053597,0.035279,0.087197,0.017243,0,0,0,0.081816,0,0.013243,0,0,0.044395,0.013495,0,0,0.049475,0,0,0,0,0,0,0.025127,0.074503,0,0.064092,0.011387,0]', '2026-06-21');
INSERT INTO public.presence_sessions (id, camera_id, person_id, track_key, arrival_at, departure_at, dwell_seconds, status, best_match_score, face_image_url, created_at, updated_at, body_image_url, enter_body_embedding, attendance_date) VALUES (11, 1, 8, 'yolo_1', '2026-06-21 20:08:05.4+08', '2026-06-21 21:23:04+08', 4498, 'closed', 0.67072886, NULL, '2026-06-21 20:13:30.528979+08', '2026-06-21 21:23:04.934264+08', NULL, '[0.042179,0.000641,0,0,0,0.016124,0,0,0.055404,0.002496,0.035038,0,0.057125,0,0.038667,0,0,0,0.106851,0.098137,0.076241,0,0.06396,0,0,0.080627,0,0.04254,0.0102,0,0,0,0.107675,0.002337,0.015058,0,0,0.040941,0,0,0.030646,0.009399,0,0,0.013753,0.087307,0.087778,0.009042,0,0.05396,0.08737,0,0,0.028384,0.100227,0.006038,0.051313,0.076347,0,0.006644,0,0.057191,0.027279,0.031007,0,0.091099,0.015938,0.006013,0.071716,0,0.160488,0,0,0.056046,0,0,0,0,0,0.012176,0.05489,0.09158,0,0,0,0.079358,0,0.129087,0,0,0,0,0,0.020881,0.080486,0,0,0.078979,0.063783,0.009851,0,0,0,0.028262,0,0,0.054754,0,0,0,0,0,0,0,0.107083,0,0,0.089279,0.014792,0,0,0,0.067464,0,0.008207,0,0,0.030754,0,0,0,0,0.233251,0,0.009022,0.081072,0,0.086694,0,0,0.091093,0,0,0,0.030546,0.036663,0,0.111859,0,0,0,0.027263,0,0,0,0.039513,0,0.039786,0.031049,0.074384,0,0,0,0.050053,0,0,0.036692,0.117815,0.029374,0.008043,0,0.079972,0,0.005343,0,0.027224,0,0,0.030419,0.015708,0.024929,0,0,0,0,0,0.037935,0.007891,0,0.002849,0,0.27962,0,0.066512,0,0,0.122767,0.106953,0,0.137001,0,0.051896,0,0,0,0,0.016264,0,0,0,0.059778,0,0.038705,0.008461,0.024201,0,0.061624,0.02147,0.017499,0,0.046021,0,0,0,0.060729,0,0.054214,0.100972,0,0.03964,0,0.096455,0,0.034267,0.059468,0,0,0.096704,0,0.0966,0,0.001304,0,0.050644,0,0,0.01132,0.137722,0,0,0.095969,0,0,0,0,0,0.019203,0.016372,0.008899,0.02793,0,0,0,0,0.062159,0.011509,0,0.122234,0,0.012687,0,0,0.00457,0,0.04054,0,0.134505,0.067373,0,0.013706,0.005366,0.030332,0.066615,0,0.025225,0.004518,0,0.079726,0,0.043244,0,0.077616,0.022517,0,0.004144,0,0,0.003191,0.053008,0.08641,0,0,0,0,0.102136,0.00288,0,0.03173,0,0,0,0,0.119787,0,0.104807,0.065558,0,0,0,0,0.019173,0,0,0.017132,0,0,0,0.071202,0,0.018695,0.019241,0,0,0,0,0,0.080857,0,0,0,0.087448,0,0,0,0,0,0,0,0,0,0,0,0.109286,0,0.066242,0.068057,0.024297,0,0.092342,0,0,0,0.001318,0.059251,0,0,0,0,0.015315,0,0,0,0,0.06411,0,0.078582,0.029395,0,0.010736,0,0,0,0.028965,0.046077,0,0.011094,0.07973,0,0.086117,0,0.037713,0,0,0,0,0,0,0.021406,0.070748,0.071834,0.063736,0.061515,0.034703,0,0.131186,0,0,0.011156,0,0.069182,0.08765,0.031081,0.143868,0,0.089782,0.044371,0,0.041348,0,0.088551,0,0,0,0.086729,0,0,0,0,0,0.081891,0.033556,0.049807,0.031192,0,0.029976,0,0,0,0,0.031431,0,0.088029,0,0,0,0,0.069975,0,0,0,0.068886,0,0,0.035801,0,0,0.031126,0.017002,0,0,0,0,0,0,0,0,0.060242,0,0,0,0,0.018566,0.109253,0,0,0.095324,0.093623,0,0,0,0.067209,0,0,0.039148,0.012479,0.029928,0,0,0,0,0.137447,0,0,0,0,0.023557,0,0,0,0,0.03373,0,0,0,0,0,0.049455,0.051938,0,0,0.073565,0]', '2026-06-21');
INSERT INTO public.presence_sessions (id, camera_id, person_id, track_key, arrival_at, departure_at, dwell_seconds, status, best_match_score, face_image_url, created_at, updated_at, body_image_url, enter_body_embedding, attendance_date) VALUES (10, 1, 7, 'yolo_19', '2026-06-21 19:51:39.17+08', '2026-06-21 21:28:22+08', 5802, 'closed', 0.5759546, NULL, '2026-06-21 20:05:51.167777+08', '2026-06-21 21:28:22.7807+08', NULL, '[0.03119,0,0,0.033361,0,0.07333,0,0.022166,0,0,0.033584,0.049891,0.153298,0.016384,0.053055,0,0,0,0.105915,0.087426,0.041285,0.002884,0.079768,0,0,0.067967,0,0,0.05319,0,0,0,0.065586,0.041387,0.00963,0,0,0,0,0,0.090326,0,0,0,0.035819,0,0,0,0,0,0.111141,0,0,0.059426,0.115673,0.003509,0.049826,0.069734,0,0,0,0.029807,0.134634,0,0,0,0.11698,0.016135,0.036396,0,0.030825,0.010842,0,0.028347,0,0,0,0.006154,0.025787,0.127579,0,0.034324,0.013291,0.021427,0,0,0,0.02195,0,0,0,0,0,0.040432,0.059252,0,0.018844,0.062551,0.021283,0,0,0,0,0.009801,0.024527,0,0,0.0732,0.022946,0,0.008733,0,0.006728,0.025152,0.014073,0,0,0.045728,0.020988,0,0,0,0.029289,0,0.105806,0,0,0,0,0,0,0,0.062481,0.129584,0.063195,0,0.04906,0.033126,0,0,0.073534,0,0.058925,0,0.023857,0.052246,0,0.136911,0,0,0,0.054182,0,0,0,0,0.008345,0.007768,0.050307,0.129641,0,0.004386,0,0.065571,0.030658,0,0,0.111221,0,0,0.06367,0.042453,0,0,0,0,0,0,0,0,0.025578,0,0,0.017625,0,0,0,0.039062,0,0,0.068406,0.068521,0,0.094359,0.051059,0.026993,0.084782,0.024828,0,0.032541,0,0.024548,0.070723,0,0,0,0,0,0.026264,0.056534,0.082822,0,0,0.077986,0.007955,0,0,0,0,0,0.003571,0,0,0,0,0.096429,0.058006,0.145316,0,0,0.05477,0.069489,0,0.031942,0.034115,0.00932,0,0.053217,0.116258,0.168188,0,0.146677,0.031874,0.129722,0,0,0,0.112765,0,0,0.149819,0.014223,0,0,0,0,0.020042,0,0,0.063148,0,0,0.009558,0.012415,0.05485,0.008876,0,0.149073,0.064308,0.086634,0.061276,0,0,0,0.030769,0,0.043998,0,0,0.025572,0.047305,0.069048,0.026893,0,0.107083,0.107949,0,0.099434,0,0,0,0.031657,0.036305,0,0.015234,0,0,0.001009,0.079577,0.142939,0.033121,0,0.021978,0,0.141359,0.022435,0.017529,0.012374,0,0,0.019838,0,0.042097,0,0.045035,0.04664,0,0,0.032564,0,0,0,0,0.031814,0,0,0.011083,0.054736,0,0.06478,0.013135,0,0,0.032704,0,0.009465,0.052394,0,0.060661,0,0.038141,0,0,0.039415,0.043477,0,0,0.023742,0,0,0,0,0.097492,0.002362,0.161527,0.037935,0.07327,0,0.031908,0,0.017112,0,0.001391,0,0,0,0.026623,0,0,0,0,0,0.045366,0.052622,0,0.059447,0.004347,0.012826,0.114465,0,0.026248,0,0.036246,0.021093,0.086299,0.049011,0.042356,0,0.106515,0.004769,0,0,0.084335,0,0.061583,0.015542,0,0.001771,0.069376,0.154697,0.011603,0.018362,0,0,0.149061,0,0,0,0.043548,0.076102,0.053349,0.053311,0.135724,0,0.011322,0,0,0,0,0.099843,0,0,0,0,0,0,0,0,0,0.040437,0.053296,0.055843,0.044327,0.070127,0,0.090343,0,0,0,0,0,0.02873,0,0,0,0,0,0,0,0.007278,0,0.013333,0,0.097537,0,0,0,0.077954,0.023855,0,0.023353,0,0,0.009898,0,0,0.035878,0.029873,0,0.023939,0,0,0,0,0,0.036176,0.071711,0.027637,0,0,0.114561,0,0.079789,0.043069,0.023593,0.065838,0.071971,0,0,0,0.05046,0,0.066646,0.012354,0,0,0,0,0,0.004978,0.024241,0,0,0.009781,0.003985,0,0.002423,0,0,0.089205,0,0]', '2026-06-21');
INSERT INTO public.presence_sessions (id, camera_id, person_id, track_key, arrival_at, departure_at, dwell_seconds, status, best_match_score, face_image_url, created_at, updated_at, body_image_url, enter_body_embedding, attendance_date) VALUES (12, 1, 9, 'live_5', '2026-06-21 21:29:52+08', NULL, NULL, 'open', NULL, NULL, '2026-06-21 21:29:53.006983+08', '2026-06-21 21:29:53.006983+08', NULL, '[0,0.011167,0,0,0,0.044654,0,0,0,0.051004,0.007172,0,0.088783,0,0.049085,0,0,0,0.045668,0.035869,0.098223,0.007547,0,0,0,0.107192,0,0.024369,0,0,0,0.021811,0.053932,0.05215,0.041461,0,0,0.025613,0,0,0.00884,0.067802,0,0,0,0,0.025034,0.001073,0,0,0.064237,0,0,0,0.093452,0.047771,0.108798,0.093697,0,0.010475,0,0.136954,0.013159,0.010648,0.052291,0.020274,0.126917,0.05505,0.021817,0,0.05094,0.020623,0,0.069448,0,0,0,0.030565,0,0.065507,0,0.105178,0.040173,0,0,0.047673,0,0.11288,0,0,0,0,0,0.055043,0.036247,0,0,0.006885,0.040341,0.000933,0,0,0,0.060131,0,0,0.090928,0.049906,0,0,0,0,0.031514,0.005837,0.093318,0,0.060102,0.044388,0.015348,0.005803,0,0,0.043744,0,0,0,0.012852,0,0,0,0.022767,0,0.098658,0.131393,0.058389,0.107063,0.002603,0.072047,0,0.043921,0.048324,0,0,0,0.046053,0,0,0.046911,0,0,0.023193,0.031042,0,0,0,0.059438,0,0,0.061352,0.071519,0,0.016203,0.015267,0.059283,0,0,0.014148,0.142159,0.063822,0,0.13483,0.051365,0,0,0.016113,0,0.061827,0,0,0,0.008017,0,0,0,0,0,0.025975,0,0,0,0,0.169559,0,0.045469,0,0,0,0.067521,0,0.103785,0,0.166853,0,0,0,0,0.034051,0,0.004105,0.033635,0.118611,0.029994,0,0.09203,0,0,0,0,0.017604,0,0,0,0,0,0.019889,0,0.080017,0,0,0.032146,0,0.072675,0,0.04132,0.043715,0.00938,0,0.072262,0.054293,0.121338,0,0,0,0.072861,0,0,0,0.037213,0,0,0.154476,0,0,0,0,0,0,0.115653,0.064603,0.034812,0,0,0.072957,0,0.081836,0.00742,0,0.16695,0.037201,0.008143,0.004403,0,0.02317,0,0.043348,0,0.099047,0,0,0.074229,0.002082,0.006991,0.001008,0,0.03477,0,0,0.096326,0,0.071142,0,0.065467,0,0,0,0,0,0,0.067758,0.082079,0,0,0,0,0.030026,0.094313,0.007037,0.03483,0,0,0,0,0.129981,0,0.053445,0.033572,0,0,0.043281,0,0.022937,0,0,0.064447,0,0,0.029262,0.110515,0,0.044772,0.041915,0.035388,0,0,0.013458,0,0,0,0,0.004587,0,0.031125,0,0.045197,0,0.026216,0,0.028762,0,0,0,0,0.147422,0,0.028021,0.068651,0.039336,0,0.025691,0,0.104501,0,0,0.004186,0.009377,0,0.022957,0,0.048041,0,0.01836,0,0.078387,0.046819,0,0.084361,0.015925,0,0.081819,0,0.017794,0,0.062282,0.003889,0.02739,0.018607,0.042828,0,0.064509,0.09283,0,0,0.053578,0,0.001005,0.01895,0,0,0.130947,0.007457,0.122302,0.042886,0,0,0.175452,0,0.038879,0,0.04356,0.030172,0.060795,0.026597,0.142778,0,0.037811,0,0,0.021039,0,0.075205,0,0.062551,0,0,0,0,0.017373,0.008521,0,0.153808,0.027204,0,0.037878,0.000384,0,0,0.013121,0.016821,0,0.063903,0,0.033021,0,0,0,0,0.04201,0,0,0,0.000238,0,0,0.084859,0,0,0.010831,0.144468,0,0.03999,0.111092,0.022684,0,0,0,0.009958,0,0.069952,0,0,0,0,0.056577,0,0,0.008995,0,0.003249,0.019965,0.002885,0.133311,0.036243,0.030601,0,0,0.042545,0,0,0,0,0.029411,0.002815,0.020519,0,0,0.021148,0,0,0,0,0,0,0,0.057291,0.013321,0,0,0.102118,0,0.004227,0.087222,0]', '2026-06-21');
INSERT INTO public.presence_sessions (id, camera_id, person_id, track_key, arrival_at, departure_at, dwell_seconds, status, best_match_score, face_image_url, created_at, updated_at, body_image_url, enter_body_embedding, attendance_date) VALUES (13, 1, 10, 'live_4', '2026-06-21 21:29:56+08', NULL, NULL, 'open', NULL, NULL, '2026-06-21 21:29:56.2342+08', '2026-06-21 21:29:56.2342+08', NULL, '[0.03371,0.004743,0,0.002375,0,0.029478,0,0.060251,0,0.030166,0,0.039832,0.040059,0,0.01988,0,0,0,0.088177,0.045141,0.078269,0,0.042783,0,0,0.064964,0.002537,0,0.001341,0.040985,0,0.00824,0,0.05258,0.023615,0,0,0.035695,0,0,0,0.106125,0,0,0,0.027891,0.008661,0.011784,0,0,0.079584,0,0,0,0.021194,0.020263,0.115167,0.119165,0,0.05806,0.015156,0.158988,0.007573,0.059388,0,0,0.134012,0.008675,0.026867,0.029401,0.082858,0.068121,0,0.081388,0,0,0,0,0,0.060944,0.07367,0.078373,0.014014,0,0,0,0.004552,0.090604,0.057875,0,0,0,0,0.01588,0.04691,0,0,0.063136,0.087316,0.081106,0.050696,0,0,0.008747,0,0,0,0.039198,0,0,0,0,0.041849,0,0.019313,0,0.005622,0.063596,0.025376,0,0,0,0.061178,0.000781,0.017638,0,0.026411,0.093324,0,0,0.018235,0,0.093987,0.056863,0.076393,0.110816,0,0.024037,0,0,0.078222,0,0.041414,0.006172,0.009775,0.002865,0,0.100261,0,0,0.010575,0.021685,0,0,0,0,0,0.024293,0.049264,0.087748,0,0.01751,0,0.01856,0,0,0.038835,0.15362,0.039516,0,0,0.005014,0,0.008839,0,0.030132,0,0,0,0,0.024663,0.032758,0,0,0,0,0.121595,0,0,0.038355,0,0.161923,0.015914,0.114854,0,0,0.039303,0.099385,0,0,0,0.034161,0,0.024197,0,0,0,0,0,0.018688,0.133734,0,0,0.093725,0,0,0,0,0,0,0,0.040654,0,0,0,0.019023,0.073916,0.068031,0,0,0,0,0,0.072087,0.038651,0.013779,0,0.084017,0.031651,0.115958,0,0.030277,0.02363,0.119923,0.007016,0,0,0.055652,0,0,0.012369,0.083876,0,0,0,0,0.028124,0.065696,0.072085,0.040164,0,0,0.059011,0,0.01317,0.015477,0.029874,0.071108,0,0.050753,0,0,0,0,0.034394,0.041288,0.035464,0,0,0.049137,0,0,0,0,0.003645,0,0,0.179683,0,0.068779,0,0.096769,0.005474,0,0,0,0,0.037018,0.094943,0.085902,0,0,0.053238,0,0.09181,0.036512,0.059112,0.053177,0,0,0.003215,0,0.166691,0,0.022101,0.053704,0,0,0.092364,0,0,0,0,0.048467,0.02617,0,0.058582,0.02772,0,0.078643,0.080323,0,0,0,0.014805,0,0.045867,0,0,0,0.00164,0.04177,0,0,0,0.01351,0.033434,0.081659,0,0,0,0,0.147,0,0.046414,0.045595,0.074882,0,0,0,0.049388,0,0,0.000361,0.031108,0,0,0,0.09492,0,0.010074,0,0.040052,0.085423,0,0.059841,0,0,0.103539,0,0.054518,0,0.028793,0,0,0.031945,0.114979,0.084775,0.079819,0.060786,0,0,0.025742,0,0,0.023644,0,0.046695,0.145937,0.068967,0.150935,0.054404,0,0,0.145032,0,0.002239,0,0.065949,0.04047,0,0.07542,0.099438,0,0.090667,0,0,0,0,0.121928,0,0.05259,0,0.035365,0,0,0.045623,0.007398,0,0.039042,0.051912,0.034982,0.02841,0.006556,0,0.054529,0,0,0,0,0,0.077192,0,0,0,0,0.076334,0,0,0,0,0,0,0.075213,0,8.9e-05,0,0.053212,0,0,0.088978,0,0,0,0,0.009991,0.053448,0.028845,0,0,0,0,0.030612,0,0,0.005642,0,0,0.00055,0.014637,0.15957,0,0.056303,0.01098,0.030047,0.09075,0,0.002674,0.01141,0,0.025478,0,0.007944,0.104246,0,0.019141,0,0,0,0.017597,0,0,0,0,0.033731,0,0.002836,0.047877,0,0.087667,0,0]', '2026-06-21');


--
-- Data for Name: presence_video_clips; Type: TABLE DATA; Schema: public; Owner: postgres
--



--
-- Data for Name: behavior_logs; Type: TABLE DATA; Schema: public; Owner: postgres
--

INSERT INTO public.behavior_logs (id, event_type, event_time, camera_id, person_id, track_key, session_id, created_at, face_match_score, body_match_score, quality_flag, snapshot_url, video_url, video_start_at, video_end_at, behavior_analysis, scene_group_id, clip_id, analysis_status, face_image_url, body_image_url) VALUES (17, 'exit', '2026-06-21 19:40:02.23', 1, NULL, 'yolo_2', NULL, '2026-06-21 19:44:48.925685', NULL, NULL, 'normal', '/dashboard/storage/file/snapshot/2026/06/21/snap_17.jpg', NULL, NULL, NULL, NULL, NULL, NULL, NULL, '', '/dashboard/storage/file/log/body/2026/06/21/analyze_analyze_fc48431848d242729f60faa0a9922baa_yolo_2_exit_1782042049729_body.jpg');
INSERT INTO public.behavior_logs (id, event_type, event_time, camera_id, person_id, track_key, session_id, created_at, face_match_score, body_match_score, quality_flag, snapshot_url, video_url, video_start_at, video_end_at, behavior_analysis, scene_group_id, clip_id, analysis_status, face_image_url, body_image_url) VALUES (9, 'exit', '2026-06-21 17:02:30', 1, NULL, 'live_4', NULL, '2026-06-21 17:02:36.783414', NULL, NULL, 'normal', '/dashboard/storage/file/snapshot/2026/06/21/snap_9.jpg', NULL, NULL, NULL, NULL, NULL, NULL, NULL, '', '/dashboard/storage/file/log/body/2026/06/21/live_live_250d95d324974948aa569db2a81bf16c_live_4_1782032550846_body.jpg');
INSERT INTO public.behavior_logs (id, event_type, event_time, camera_id, person_id, track_key, session_id, created_at, face_match_score, body_match_score, quality_flag, snapshot_url, video_url, video_start_at, video_end_at, behavior_analysis, scene_group_id, clip_id, analysis_status, face_image_url, body_image_url) VALUES (12, 'enter', '2026-06-21 17:55:04', 1, 4, 'live_17', 5, '2026-06-21 17:55:05.081454', NULL, NULL, 'low', '/dashboard/storage/file/snapshot/2026/06/21/snap_12.jpg', NULL, NULL, NULL, NULL, NULL, NULL, NULL, '', '/dashboard/storage/file/log/body/2026/06/21/live_live_ca3e66f664bd468cb30ca9df28bda6fe_live_17_1782035704204_body.jpg');
INSERT INTO public.behavior_logs (id, event_type, event_time, camera_id, person_id, track_key, session_id, created_at, face_match_score, body_match_score, quality_flag, snapshot_url, video_url, video_start_at, video_end_at, behavior_analysis, scene_group_id, clip_id, analysis_status, face_image_url, body_image_url) VALUES (1, 'exit', '2026-06-01 19:58:44', 1, NULL, 'live_2', NULL, '2026-06-01 19:58:55.82453', NULL, NULL, 'normal', '/dashboard/storage/file/log/body/2026/06/01/live_live_c7103fd7d58b45c6a2024f0138399c70_live_2_1780315124471_body.jpg', NULL, NULL, NULL, NULL, NULL, NULL, NULL, '/dashboard/storage/file/log/body/2026/06/01/live_live_c7103fd7d58b45c6a2024f0138399c70_live_2_1780315124471_body.jpg', '');
INSERT INTO public.behavior_logs (id, event_type, event_time, camera_id, person_id, track_key, session_id, created_at, face_match_score, body_match_score, quality_flag, snapshot_url, video_url, video_start_at, video_end_at, behavior_analysis, scene_group_id, clip_id, analysis_status, face_image_url, body_image_url) VALUES (2, 'enter', '2026-06-01 19:58:50', 1, 1, 'live_4', 1, '2026-06-01 19:59:09.521905', NULL, NULL, 'normal', '/dashboard/storage/file/log/face/2026/06/01/live_live_c7103fd7d58b45c6a2024f0138399c70_live_4_1780315130016_face.jpg', NULL, NULL, NULL, NULL, NULL, NULL, NULL, '/dashboard/storage/file/log/face/2026/06/01/live_live_c7103fd7d58b45c6a2024f0138399c70_live_4_1780315130016_face.jpg', '');
INSERT INTO public.behavior_logs (id, event_type, event_time, camera_id, person_id, track_key, session_id, created_at, face_match_score, body_match_score, quality_flag, snapshot_url, video_url, video_start_at, video_end_at, behavior_analysis, scene_group_id, clip_id, analysis_status, face_image_url, body_image_url) VALUES (3, 'exit', '2026-06-01 20:00:13', 1, 1, 'live_6', 1, '2026-06-01 20:00:22.115341', NULL, 0.6198047, 'normal', '/dashboard/storage/file/log/body/2026/06/01/live_live_c7103fd7d58b45c6a2024f0138399c70_live_6_1780315213556_body.jpg', NULL, NULL, NULL, NULL, NULL, NULL, NULL, '/dashboard/storage/file/log/body/2026/06/01/live_live_c7103fd7d58b45c6a2024f0138399c70_live_6_1780315213556_body.jpg', '');
INSERT INTO public.behavior_logs (id, event_type, event_time, camera_id, person_id, track_key, session_id, created_at, face_match_score, body_match_score, quality_flag, snapshot_url, video_url, video_start_at, video_end_at, behavior_analysis, scene_group_id, clip_id, analysis_status, face_image_url, body_image_url) VALUES (5, 'enter', '2026-06-01 20:01:26', 1, NULL, 'live_6', NULL, '2026-06-01 20:01:35.309404', NULL, NULL, 'low', '/dashboard/storage/file/log/body/2026/06/01/live_live_c7103fd7d58b45c6a2024f0138399c70_live_6_1780315286816_body.jpg', NULL, NULL, NULL, NULL, NULL, NULL, NULL, '/dashboard/storage/file/log/body/2026/06/01/live_live_c7103fd7d58b45c6a2024f0138399c70_live_6_1780315286816_body.jpg', '');
INSERT INTO public.behavior_logs (id, event_type, event_time, camera_id, person_id, track_key, session_id, created_at, face_match_score, body_match_score, quality_flag, snapshot_url, video_url, video_start_at, video_end_at, behavior_analysis, scene_group_id, clip_id, analysis_status, face_image_url, body_image_url) VALUES (4, 'enter', '2026-06-01 20:00:27', 1, 2, 'live_7', NULL, '2026-06-01 20:00:46.947295', NULL, NULL, 'normal', '/dashboard/storage/file/log/face/2026/06/01/live_live_c7103fd7d58b45c6a2024f0138399c70_live_7_1780315227748_face.jpg', NULL, NULL, NULL, NULL, NULL, NULL, NULL, '/dashboard/storage/file/log/face/2026/06/01/live_live_c7103fd7d58b45c6a2024f0138399c70_live_7_1780315227748_face.jpg', '');
INSERT INTO public.behavior_logs (id, event_type, event_time, camera_id, person_id, track_key, session_id, created_at, face_match_score, body_match_score, quality_flag, snapshot_url, video_url, video_start_at, video_end_at, behavior_analysis, scene_group_id, clip_id, analysis_status, face_image_url, body_image_url) VALUES (6, 'enter', '2026-06-20 21:00:00', 1, 1, 'probe_test_001', 4, '2026-06-20 20:53:24.8531', 1, NULL, 'normal', '/dashboard/storage/file/snapshot/2026/06/20/snap_6.jpg', NULL, NULL, NULL, NULL, NULL, NULL, NULL, '/dashboard/data-board/file/face/face_cb7b84403a864993a69c05c6872fba84.jpg', '/dashboard/data-board/file/face/face_cb7b84403a864993a69c05c6872fba84.jpg');
INSERT INTO public.behavior_logs (id, event_type, event_time, camera_id, person_id, track_key, session_id, created_at, face_match_score, body_match_score, quality_flag, snapshot_url, video_url, video_start_at, video_end_at, behavior_analysis, scene_group_id, clip_id, analysis_status, face_image_url, body_image_url) VALUES (7, 'exit', '2026-06-20 21:05:00', 1, 1, 'probe_test_001', 4, '2026-06-20 20:53:39.22407', NULL, 1, 'normal', '', NULL, NULL, NULL, NULL, NULL, NULL, NULL, '', '/dashboard/data-board/file/face/face_cb7b84403a864993a69c05c6872fba84.jpg');
INSERT INTO public.behavior_logs (id, event_type, event_time, camera_id, person_id, track_key, session_id, created_at, face_match_score, body_match_score, quality_flag, snapshot_url, video_url, video_start_at, video_end_at, behavior_analysis, scene_group_id, clip_id, analysis_status, face_image_url, body_image_url) VALUES (13, 'enter', '2026-06-21 18:07:29', 1, 5, 'live_4', 6, '2026-06-21 18:07:43.180346', NULL, NULL, 'normal', '/dashboard/storage/file/snapshot/2026/06/21/snap_13.jpg', NULL, NULL, NULL, NULL, NULL, NULL, NULL, '/dashboard/storage/file/log/face/2026/06/21/live_live_3ab64f5327d64bdfad2a07ef4574d10f_live_4_1782036449806_face.jpg', '/dashboard/storage/file/log/body/2026/06/21/live_live_3ab64f5327d64bdfad2a07ef4574d10f_live_4_1782036449806_body.jpg');
INSERT INTO public.behavior_logs (id, event_type, event_time, camera_id, person_id, track_key, session_id, created_at, face_match_score, body_match_score, quality_flag, snapshot_url, video_url, video_start_at, video_end_at, behavior_analysis, scene_group_id, clip_id, analysis_status, face_image_url, body_image_url) VALUES (22, 'enter', '2026-06-21 19:51:34.37', 1, 6, 'yolo_18', 9, '2026-06-21 20:05:51.155024', 1, NULL, 'normal', '/dashboard/storage/file/snapshot/2026/06/21/snap_22.jpg', NULL, NULL, NULL, NULL, NULL, NULL, NULL, '/dashboard/storage/file/log/face/2026/06/21/analyze_analyze_82bbc8e860d3403e9e80ebfc89a3b579_yolo_18_enter_1782042786833_face.jpg', '/dashboard/storage/file/log/body/2026/06/21/analyze_analyze_82bbc8e860d3403e9e80ebfc89a3b579_yolo_18_enter_1782042786833_body.jpg');
INSERT INTO public.behavior_logs (id, event_type, event_time, camera_id, person_id, track_key, session_id, created_at, face_match_score, body_match_score, quality_flag, snapshot_url, video_url, video_start_at, video_end_at, behavior_analysis, scene_group_id, clip_id, analysis_status, face_image_url, body_image_url) VALUES (16, 'exit', '2026-06-21 19:39:59.77', 1, 5, 'yolo_1', 6, '2026-06-21 19:44:44.614358', NULL, 0.6323473, 'normal', '/dashboard/storage/file/snapshot/2026/06/21/snap_16.jpg', NULL, NULL, NULL, NULL, NULL, NULL, NULL, '', '/dashboard/storage/file/log/body/2026/06/21/analyze_analyze_fc48431848d242729f60faa0a9922baa_yolo_1_exit_1782042025519_body.jpg');
INSERT INTO public.behavior_logs (id, event_type, event_time, camera_id, person_id, track_key, session_id, created_at, face_match_score, body_match_score, quality_flag, snapshot_url, video_url, video_start_at, video_end_at, behavior_analysis, scene_group_id, clip_id, analysis_status, face_image_url, body_image_url) VALUES (18, 'enter', '2026-06-21 19:40:11.37', 1, 6, 'yolo_18', 7, '2026-06-21 19:45:02.520462', NULL, NULL, 'normal', '/dashboard/storage/file/snapshot/2026/06/21/snap_18.jpg', NULL, NULL, NULL, NULL, NULL, NULL, NULL, '/dashboard/storage/file/log/face/2026/06/21/analyze_analyze_fc48431848d242729f60faa0a9922baa_yolo_18_enter_1782042103746_face.jpg', '/dashboard/storage/file/log/body/2026/06/21/analyze_analyze_fc48431848d242729f60faa0a9922baa_yolo_18_enter_1782042103746_body.jpg');
INSERT INTO public.behavior_logs (id, event_type, event_time, camera_id, person_id, track_key, session_id, created_at, face_match_score, body_match_score, quality_flag, snapshot_url, video_url, video_start_at, video_end_at, behavior_analysis, scene_group_id, clip_id, analysis_status, face_image_url, body_image_url) VALUES (20, 'exit', '2026-06-21 19:51:22.77', 1, 6, 'yolo_1', 7, '2026-06-21 20:05:33.983569', NULL, 0.5471367, 'normal', '/dashboard/storage/file/snapshot/2026/06/21/snap_20.jpg', NULL, NULL, NULL, NULL, NULL, NULL, NULL, '', '/dashboard/storage/file/log/body/2026/06/21/analyze_analyze_82bbc8e860d3403e9e80ebfc89a3b579_yolo_1_exit_1782042707125_body.jpg');
INSERT INTO public.behavior_logs (id, event_type, event_time, camera_id, person_id, track_key, session_id, created_at, face_match_score, body_match_score, quality_flag, snapshot_url, video_url, video_start_at, video_end_at, behavior_analysis, scene_group_id, clip_id, analysis_status, face_image_url, body_image_url) VALUES (19, 'enter', '2026-06-21 19:40:16.17', 1, 7, 'yolo_19', 8, '2026-06-21 19:45:11.205975', NULL, NULL, 'normal', '/dashboard/storage/file/snapshot/2026/06/21/snap_19.jpg', NULL, NULL, NULL, NULL, NULL, NULL, NULL, '/dashboard/storage/file/log/face/2026/06/21/analyze_analyze_fc48431848d242729f60faa0a9922baa_yolo_19_enter_1782042156046_face.jpg', '/dashboard/storage/file/log/body/2026/06/21/analyze_analyze_fc48431848d242729f60faa0a9922baa_yolo_19_enter_1782042156046_body.jpg');
INSERT INTO public.behavior_logs (id, event_type, event_time, camera_id, person_id, track_key, session_id, created_at, face_match_score, body_match_score, quality_flag, snapshot_url, video_url, video_start_at, video_end_at, behavior_analysis, scene_group_id, clip_id, analysis_status, face_image_url, body_image_url) VALUES (21, 'exit', '2026-06-21 19:51:25.23', 1, 7, 'yolo_2', 8, '2026-06-21 20:05:37.9635', NULL, 0.88334996, 'normal', '/dashboard/storage/file/snapshot/2026/06/21/snap_21.jpg', NULL, NULL, NULL, NULL, NULL, NULL, NULL, '', '/dashboard/storage/file/log/body/2026/06/21/analyze_analyze_82bbc8e860d3403e9e80ebfc89a3b579_yolo_2_exit_1782042731880_body.jpg');
INSERT INTO public.behavior_logs (id, event_type, event_time, camera_id, person_id, track_key, session_id, created_at, face_match_score, body_match_score, quality_flag, snapshot_url, video_url, video_start_at, video_end_at, behavior_analysis, scene_group_id, clip_id, analysis_status, face_image_url, body_image_url) VALUES (23, 'enter', '2026-06-21 19:51:39.17', 1, 7, 'yolo_19', 10, '2026-06-21 20:05:59.16415', 1, NULL, 'normal', '/dashboard/storage/file/snapshot/2026/06/21/snap_23.jpg', NULL, NULL, NULL, NULL, NULL, NULL, NULL, '/dashboard/storage/file/log/face/2026/06/21/analyze_analyze_82bbc8e860d3403e9e80ebfc89a3b579_yolo_19_enter_1782042835801_face.jpg', '/dashboard/storage/file/log/body/2026/06/21/analyze_analyze_82bbc8e860d3403e9e80ebfc89a3b579_yolo_19_enter_1782042835801_body.jpg');
INSERT INTO public.behavior_logs (id, event_type, event_time, camera_id, person_id, track_key, session_id, created_at, face_match_score, body_match_score, quality_flag, snapshot_url, video_url, video_start_at, video_end_at, behavior_analysis, scene_group_id, clip_id, analysis_status, face_image_url, body_image_url) VALUES (24, 'enter', '2026-06-21 20:08:05.4', 1, 8, 'yolo_1', 11, '2026-06-21 20:13:41.850008', NULL, NULL, 'normal', '/dashboard/storage/file/snapshot/2026/06/21/snap_24.jpg', NULL, NULL, NULL, NULL, NULL, NULL, NULL, '/dashboard/storage/file/log/face/2026/06/21/analyze_analyze_e126a962ec254234b8497a9c1282ee49_yolo_1_enter_1782043699775_face.jpg', '/dashboard/storage/file/log/body/2026/06/21/analyze_analyze_e126a962ec254234b8497a9c1282ee49_yolo_1_enter_1782043699775_body.jpg');
INSERT INTO public.behavior_logs (id, event_type, event_time, camera_id, person_id, track_key, session_id, created_at, face_match_score, body_match_score, quality_flag, snapshot_url, video_url, video_start_at, video_end_at, behavior_analysis, scene_group_id, clip_id, analysis_status, face_image_url, body_image_url) VALUES (25, 'exit', '2026-06-21 20:23:14', 1, 6, 'live_3', 9, '2026-06-21 20:23:20.942803', NULL, 0.6675042, 'normal', '/dashboard/storage/file/snapshot/2026/06/21/snap_25.jpg', NULL, NULL, NULL, NULL, NULL, NULL, NULL, '', '/dashboard/storage/file/log/body/2026/06/21/live_live_4ba5e18f937e486c89b450393e417114_live_3_1782044594741_body.jpg');
INSERT INTO public.behavior_logs (id, event_type, event_time, camera_id, person_id, track_key, session_id, created_at, face_match_score, body_match_score, quality_flag, snapshot_url, video_url, video_start_at, video_end_at, behavior_analysis, scene_group_id, clip_id, analysis_status, face_image_url, body_image_url) VALUES (26, 'exit', '2026-06-21 20:52:01', 1, NULL, 'live_2', NULL, '2026-06-21 20:52:02.656158', NULL, NULL, 'normal', '/dashboard/storage/file/snapshot/2026/06/21/snap_26.jpg', NULL, NULL, NULL, NULL, NULL, NULL, NULL, '', '/dashboard/storage/file/log/body/2026/06/21/live_live_61b0c30aecbc45bf805d8a25a3b2fcb9_live_2_1782046321687_body.jpg');
INSERT INTO public.behavior_logs (id, event_type, event_time, camera_id, person_id, track_key, session_id, created_at, face_match_score, body_match_score, quality_flag, snapshot_url, video_url, video_start_at, video_end_at, behavior_analysis, scene_group_id, clip_id, analysis_status, face_image_url, body_image_url) VALUES (27, 'exit', '2026-06-21 21:23:04', 1, 8, 'live_13', 11, '2026-06-21 21:23:10.902314', NULL, 0.67072886, 'normal', '/dashboard/storage/file/snapshot/2026/06/21/snap_27.jpg', NULL, NULL, NULL, NULL, NULL, NULL, NULL, '', '/dashboard/storage/file/log/body/2026/06/21/live_live_cd4a0e2c17fe4ec99adab516ded02ef0_live_13_1782048184866_body.jpg');
INSERT INTO public.behavior_logs (id, event_type, event_time, camera_id, person_id, track_key, session_id, created_at, face_match_score, body_match_score, quality_flag, snapshot_url, video_url, video_start_at, video_end_at, behavior_analysis, scene_group_id, clip_id, analysis_status, face_image_url, body_image_url) VALUES (28, 'exit', '2026-06-21 21:28:22', 1, 7, 'live_4', 10, '2026-06-21 21:28:27.570191', NULL, 0.5759546, 'normal', '/dashboard/storage/file/snapshot/2026/06/21/snap_28.jpg', NULL, NULL, NULL, NULL, NULL, NULL, NULL, '', '/dashboard/storage/file/log/body/2026/06/21/live_live_63e1fa97912445f5bcb7bf76b6e5bef8_live_4_1782048502746_body.jpg');
INSERT INTO public.behavior_logs (id, event_type, event_time, camera_id, person_id, track_key, session_id, created_at, face_match_score, body_match_score, quality_flag, snapshot_url, video_url, video_start_at, video_end_at, behavior_analysis, scene_group_id, clip_id, analysis_status, face_image_url, body_image_url) VALUES (29, 'enter', '2026-06-21 21:29:52', 1, 9, 'live_5', 12, '2026-06-21 21:30:01.938825', NULL, NULL, 'normal', '/dashboard/storage/file/snapshot/2026/06/21/snap_29.jpg', NULL, NULL, NULL, NULL, NULL, NULL, NULL, '/dashboard/storage/file/log/face/2026/06/21/live_live_63e1fa97912445f5bcb7bf76b6e5bef8_live_5_1782048592981_face.jpg', '/dashboard/storage/file/log/body/2026/06/21/live_live_63e1fa97912445f5bcb7bf76b6e5bef8_live_5_1782048592981_body.jpg');
INSERT INTO public.behavior_logs (id, event_type, event_time, camera_id, person_id, track_key, session_id, created_at, face_match_score, body_match_score, quality_flag, snapshot_url, video_url, video_start_at, video_end_at, behavior_analysis, scene_group_id, clip_id, analysis_status, face_image_url, body_image_url) VALUES (30, 'enter', '2026-06-21 21:29:56', 1, 10, 'live_4', 13, '2026-06-21 21:30:05.014113', NULL, NULL, 'normal', '/dashboard/storage/file/snapshot/2026/06/21/snap_30.jpg', NULL, NULL, NULL, NULL, NULL, NULL, NULL, '/dashboard/storage/file/log/face/2026/06/21/live_live_63e1fa97912445f5bcb7bf76b6e5bef8_live_4_1782048596114_face.jpg', '/dashboard/storage/file/log/body/2026/06/21/live_live_63e1fa97912445f5bcb7bf76b6e5bef8_live_4_1782048596114_body.jpg');


--
-- Data for Name: body_profiles; Type: TABLE DATA; Schema: public; Owner: postgres
--

INSERT INTO public.body_profiles (id, person_id, image_url, created_at, embedding, quality_score) VALUES (1, 1, '/dashboard/data-board/file/body/body_2eb1306dbc184a2598baa3d9361208b1.jpg', '2026-06-01 19:58:50.030805+08', '[0.008139,0.061625,0,0.029639,0,0.070393,0,0,0,0.046161,0,0,0.056711,0.123937,0.003811,0,0,0,0.090322,0.068871,0.000822,0,0.091118,0,0,0.148199,0.03939,0.100677,0,0.003629,0,0,0.038909,0,0.027601,0.006333,0.00199,0,0,0,0.137317,0.01616,0,0.053375,0,0,0,0.019719,0,0,0.008225,0,0,0,0.017059,0,0,0.139729,0,0,0,0.131061,0,0,0.023182,0.009275,0.100406,0,0.028246,0,0.064994,0.111319,0,0.009925,0.016876,0,0,0,0,0.04885,0.065185,0.060078,0.035568,0.035773,0,0.105281,0,0.160142,0.008536,0,0,0,0,0.066003,0,0,0,0.097852,0.164764,0.004087,0,0,0.022404,0,0,0,0.120052,0,0,0,0,0.01536,0.062799,0,0.056861,0,0.048946,0.008763,0.037737,0.100796,0,0.126215,0.065579,0.052521,0,0,0.012111,0,0,0,0.007133,0,0.141312,0.114149,0,0.018753,0,0.064263,0,0.02794,0.158132,0.060281,0,0,0,0,0,0.105022,0,0.010882,0.027006,0.006066,0,0,0,0,0,0.107339,0.068094,0.093655,0,0.059277,0.015927,0,0.020308,0,0.01167,0.074749,0.071229,0,0.026494,0,0,0,0,0,0,0,0.042396,0,0.029362,0.020023,0,0,0,0,0.027086,0,0,0,0.022776,0.028101,0,0,0.000979,0,0.147389,0.043706,0.006211,0.050542,0.01196,0.082787,0,0.010142,0.014577,0,0,0,0.056118,0,0.073609,0.027992,0,0.051174,0.037985,0,0.051857,0,0.00111,0,0,0,0,0,0.072824,0.021261,0.026748,0.00353,0.007362,0.006616,0,0.082904,0,0.036994,0.018035,0,0,0.006647,0.036569,0.152179,0.068444,0,0.014502,0.040659,0,0.051272,0,0.068308,0,0,0.101497,0.035034,0,0.0141,0,0,0.022908,0,0.06334,0,0.042064,0,0.010339,0.015414,0.029288,0.068157,0,0.113715,0.014845,0,0.017381,0,0,0,0,0,0.022072,0,0.003794,0,0,0.096776,0.036338,0.072266,0.005873,0.118353,0,0,0,0.063331,0,0.057926,0.044316,0.044866,0.149364,0,0,0,0.060653,0.055331,0,0.038314,0.018746,9.7e-05,0,0.002324,0.116192,0.025141,0,0,0.010286,0.114755,0.035645,0.082898,0.023124,0.001946,0.021062,0,0,0,0,0,0.020424,0.008637,0,0.042337,0,0.038009,0.070498,0,0.045267,0,0.0147,0,0.092876,0,0.044975,0,0.001666,0.003602,0.088554,0.058567,0,0.033713,0,0,0.01385,0.110092,0.063993,0.066254,0,0,0.101664,0,0.001649,0.030992,0.167458,0,0.061036,0,0.107988,0,0.007213,0.036447,0,0,0,0,0.121431,0.008878,0.028929,0,0.073935,0.026202,0,0.101152,0,0,0.011973,0,0.014641,0,0.025488,0,0,0,0,0.051958,0,0.030419,0.054194,0.019094,0.075026,0.094376,0,0,0,0.005651,0.018059,0.123055,0.048847,0,0,0,0,0,0,0.021306,0.009166,0.043258,0.007287,0.047681,0.04132,0,0.106009,0.075936,0,0,0,0.004929,0,0,0,0,0,0,0.001378,0,0,0,0.026354,0,0,0,0.008795,0.015051,0,0,0,0.050259,0,0.053837,0,0.007687,0,0.045223,0.055042,0,0,0,0.037076,0,0,0.095546,0.043961,0,0,0.026726,0,0.004147,0,0.062955,0.012247,0,0,0,0,0.010536,0,0,0,0.049799,0.049191,0,0,0.052777,0.009668,0,0,0.044768,0.024542,0,0,0.075017,0.012446,0.072095,0.033797,0,0.064045,0,0.004292,0,0.086011,0,0.032081,0.049867,0,0,0,0,0,0,0.110735,0,0,0,0,0.119358,0,0,0.012891,0]', NULL);
INSERT INTO public.body_profiles (id, person_id, image_url, created_at, embedding, quality_score) VALUES (2, 2, '/dashboard/data-board/file/body/body_7383774aa7ca4ae1a650bc4b69cb47b9.jpg', '2026-06-01 20:00:27.761517+08', '[0.017323,0,0,0.022219,0,0,0,0,0.04158,0,0.083108,0,0.060072,0.095571,0.027952,0.035792,0,0,0.047331,0,0.025643,0.013682,0.000524,0,0,0.095115,0,0,0,0,0.032734,0,0.009737,0.090774,0.070378,0,0,0,0,0,0.137564,0.027722,0,0,0.026754,0,0,0,0,0,0.007077,0,0,0.082565,0.132406,0.025256,0.039264,0.043559,0.06192,0,0,0,0,0,0,0.0333,0.051348,0,0.011322,0,0.082308,0,0,0.088332,0,0,0,0,0,0,0,0.09708,0.045297,0,0,0,0,0.146944,0.006951,0.021046,0,0,0,0.051079,0.055115,0.034958,0.002292,0.015759,0.131712,0.050195,0,0,0,0.003179,0.040261,0,0.013286,0.036442,0,0,0.019789,0,0.002385,0,0.096681,0,0,0.003381,0.037386,0.008305,0,0,0.049074,0.052207,0.00323,0,0,0,0,0.029856,0.019665,0,0.100384,0,0.082778,0,0.048708,0.049784,0,0,0.248565,0.018571,0,0,0.015572,0,0,0.078114,0,0.027664,0,0.053475,0,0,0,0,0,0.013045,0.054515,0.100191,0,0.024099,0.105132,0.003295,0.070951,0,0.002569,0.034384,0.111548,0,0.07635,0.077163,0,0.037304,0,0,0,0,0.00476,0,0.012849,0,0,0,0.058016,0,0,0.051368,0,0.06012,0,0.061954,0.043087,0.012814,0.0595,0.021058,0.13838,0.090584,0,0.056077,0,0.003854,0.005704,0,0,0,0,0,0,0,0.102434,0,0,0.031505,0.059674,0,0,0,0,0,0.062972,0,0,0,0.0552,0,0.070512,0.137452,0,0.031729,0,0.062574,0,0.074738,0.028841,0,0,0.09137,0,0.095311,0,0.110271,0,0.151053,0,0,0,0.084089,0,0.007149,0.062026,0.043663,0,0,0,0,0.046096,0,0.029932,0.034994,0,0,0,0,0.114104,0.054017,0,0.111543,0.029979,0,0,0,0.006511,0.01847,0.04831,0,0.050984,0,0,0,0.043938,0.09994,0.084913,0,0.101536,0.060166,0,0.091306,0,0,0,0.015242,0,0,0.027392,0,0,0.019328,0.028267,0.074053,0,0,0,0,0.015203,0.01993,0.022876,0,0,0,0,0.000838,0.093597,0,0.049284,0,0,0,0.013631,0,0.020306,0,0.033334,0,0.035116,0,0.038222,0.012043,0,0,0.1517,0,0,0,0.0239,0,0,0,0.031544,0.003051,0.042612,0,0,0.000203,0.020527,0,0,0,0,0,0,0,0.110015,0,0.142402,0.078202,0.07998,0,0.101251,0.04157,0,0,0,0,0,0,0.053276,0,0.000339,0,0,0,0.032252,0.046453,0,0.025055,0,0,0.11399,0,0,0,0,0,0.045912,0,0,0.055553,0.096833,0.055767,0,0,0.024868,0.005835,0,0,0,0.035783,0.12841,0.119888,0.046941,0,0,0,0.091843,0,0,0,0.009086,0.000193,0.012415,0.145749,0.153846,0,0.11384,0,0,0.071173,0,0.013082,0,0,0,0,0,0,0.010236,0,0,0,0.048632,0.051057,0.051679,0,0,0,0,0,0,0,0,0.127963,0,0.015258,0,0,0.025396,0,0,0,0,0.033017,0,0.051354,0.064636,0,0,0.071859,0.049105,0,0.01011,0,0,0,0,0,0.08131,0,0,0,0.002161,0,0.114457,0,0,0.066224,0.070294,0,0,0.015377,0.019642,0.022703,0.040461,0.157177,0,0,0,0,0.006632,0,0.077859,0,0.116203,0.058906,0,0.001926,0,0,0,0.03481,0,0,0,0,0,0,0.060622,0.105653,0,0.068326,0,0]', NULL);
INSERT INTO public.body_profiles (id, person_id, image_url, created_at, embedding, quality_score) VALUES (3, 4, '/dashboard/data-board/file/body/body_a6fc279fd34745e1a5700e842d03781a.jpg', '2026-06-21 17:55:04.591589+08', NULL, NULL);
INSERT INTO public.body_profiles (id, person_id, image_url, created_at, embedding, quality_score) VALUES (4, 5, '/dashboard/data-board/file/body/body_dc42c8ddeec446fa8aca2b6b9c26775c.jpg', '2026-06-21 18:07:29.950824+08', '[0.040132,0.005979,0,0,0,0.023711,0,0.010576,0.040801,0,0,0.011904,0.03319,0,0.029265,0,0,0,0.087517,0,0.064502,0.010391,0.025362,0,0,0.065613,0,0.018501,0.027593,0,0,0.068677,0.065046,0.062944,0.051241,0,0,0,0,0,0.060768,0.100257,0,0,0.058793,0.094611,0.013714,0,0,0.004333,0.079828,0,0,0,0.072465,0,0.077458,0.053821,0,0.02704,0,0.116996,0.07782,0.038094,0.009971,0.020374,0.145793,0,0.016653,0,0.103843,0.027401,0,0.027407,0,0,0,0,0,0.036093,0.024896,0.170483,0.023204,0,0,0,0,0.122784,0,0.002459,0,0,0,0.061169,0.004423,0.001577,0.009281,0.052221,0.034598,0.020056,0,0,0,0.061882,0,0,0.072987,0.028339,0,0,0,0,0.012049,0,0.040091,0,0.028684,0.012998,0,0,0,0,0.091941,0.039287,0.008071,0,0.067967,0,0,0,0.052995,0,0.157644,0.071002,0.038001,0,0,0.113602,0,0.012567,0.059103,0,0,0,0.082156,0.059455,0,0.132492,0,0,0,0.035096,0,0,0,0.038522,0,0,0.077054,0.062854,0,0,0.004866,0.078153,0,0,0.003737,0.150852,0.008835,0,0.09886,0.078832,0,0,0,0,0.024353,0,0.03726,0,0.038452,0,0,0,0,0,0,0.036753,0,0,0.019941,0.147208,0,0.044854,0,0,0,0.152899,0,0.042083,0.014036,0.099191,0,0,0,0,0.073312,0,0,0,0.069664,8.3e-05,0,0.104565,0.047847,0,0,0,0,0,0,0.011521,0,0,0.042052,0,0.14724,0.075137,0,0.024564,0,0.038578,0,0.0019,0.068771,0.020991,0,0.047586,0.062147,0.102168,0.020987,0.031826,0.024615,0.098232,0,0,0,0.019946,0,0,0.161436,0,0,0,0,0,0,0.075152,0.020084,0,0,0,0.065968,0,0.053187,0.015472,0,0.095437,0.007988,0.006049,0.036714,0,0.105877,0,0.003334,0,0,0,0,0.005375,0,0.042568,0.051273,0,0.037375,0.001871,0,0.078362,0,0.026981,0,0.066748,0,0,0.060998,0,0,0.028587,0.067412,0.14213,0,0,0.057142,0,0.097018,0.066518,0,0.044807,0.019741,0,0,0.02918,0.097698,0,0.023872,0.051724,0,0,0.010892,0,0,0,0,0.050545,0,0,0,0.028548,0.059192,0.088112,0.034374,0,0,0,0.033239,0,0.068367,0,0,0.008636,0,0.042027,0,0,0,0,0,0.05383,0,0,0,0,0.084693,0,0.070994,0.031458,0.071305,0,0.059994,0,0.086171,0,0,0.045898,0,0,0,0,0.075606,0.018822,0.013265,0,0.0576,0.032844,0,0.115037,0.026006,0,0.017735,0,0,0,0.096482,0.03774,0.021652,0.079215,0.064995,0.02871,0.041167,0.066548,0.012454,0.003785,0.029894,0,0,0.029253,0,0,0.040709,0.049315,0.057253,0.109976,0,0,0.128835,0,0,0,0.078975,0.0576,0.045228,0.056863,0.123686,0,0.051719,0,0,0,0,0.066452,0,0,0,0,0,0,0.074001,0.067105,0,0.1991,0.01803,0,0,0,0,0.063305,0,0.035177,0,0.040119,0.005979,0,0,0,0,0,0.091388,0,0,0,0,0,0,0.090533,0,0,0,0.080963,0,0.030583,0.094497,0,0,0.03624,0,0,0.034078,0.000796,0,0,0,0.055173,0.00773,0,0,0,0,0,0,0.011122,0.070222,0,0,0,0,0.076553,0.024249,0,0,0,0.159106,0.004328,0.045576,0.00461,0,0,0,0,0.009008,0,0.00792,0,0.022384,0,0.066417,0,0,0.079981,0,0.09292,0.066092,0]', NULL);
INSERT INTO public.body_profiles (id, person_id, image_url, created_at, embedding, quality_score) VALUES (5, 6, '/dashboard/data-board/file/body/body_364dae0855d849099ba65c24b5f2362e.jpg', '2026-06-21 19:44:53.045554+08', '[0.007933,0,0,0,0,0.059048,0,0,0,0,0,0.011319,0.09325,0,0,0,0,0,0.114178,0.066568,0.111692,0.029958,0.072884,0,0,0.047236,0,0.028723,0.005351,0.003105,0,0.018779,0.11627,0.050971,0.062708,0,0,0.025752,0,0,0,0.059049,0,0,0,0,0,0.042109,0,0,0.066504,0,0,0,0.015383,0.001622,0.011977,0.01656,0,0,0,0.066773,0.019471,0,0,0.038834,0.147837,0.054239,0,0,0.014235,0.038469,0,0.075918,0,0,0,0,0,0,0.033998,0.082164,0.048242,0,0,0,0.030584,0.052049,0.018522,0,0,0,0,0,0.034044,0,0.022901,0.046041,0.103623,0.056763,0,0,0,0.018357,0,0,0,0.075984,0,0,0.019718,0.003342,0.060341,0.025884,0,0,0,0.050666,0.039736,0,0,0,0.055095,0,0.067081,0,0,0.033998,0,0,0.00664,0,0.152413,0.039503,0.082635,0.032861,0,0.006494,0,0,0.023817,0,0.022865,0,0.079384,0,0,0.08232,0,0,0.034084,0.083461,0,0,0,0.031299,0,0,0.10721,0.002851,0,0,0,0.031132,0,0,0,0.141123,0.054522,0,0.057907,0,0,0.031066,0,0,0,0,0,0,0.043048,0,0,0,0.003737,0,0.033348,0,0,0,0.077677,0.168637,0,0.159081,0.042084,0,0.026246,0.036566,0,0.074237,0,0.10583,0.011256,0,0,0,0,0,0,0.024611,0.071637,0,0,0.035056,0,0,0,0,0,0,0.006574,0,0,0,0,0,0.111443,0.103846,0,0,0,0.023355,0,0.117454,0.081617,0,0,0.110753,0.048374,0.135237,0,0,0.019933,0.096618,0,0,0,0.064946,0,0.006966,0.145181,0,0,0,0,0,0.057835,0.017267,0.031952,0.082354,0,0,0.050271,0,0.012648,0.00351,0.022066,0.138244,0.018842,0.033112,0,0,0,0,0.083567,0.023029,0.148604,0,0,0.032602,0.002735,0.001891,0.057282,0,0.014935,0.052037,0,0.102952,0,0.035832,0,0.075872,0.011517,0,0,0,0,0.072433,0.044307,0.133316,0,0,0.013777,0,0.109345,0.029768,0.03907,0,0,0,0,0,0.087205,0,0.053404,0.050045,0,0,0,0,0.006335,0,0,0.030455,0.020821,0,0.031964,0.116214,0,0,0.087385,0,0,0,0,0,0,0,0,0,0,0.070958,0,0.061646,0,0.029653,0,0.050404,0,0,0,0,0.111805,0,0.043941,0.058141,0.044422,0,0,0,0.049376,0,0,0,0.010563,0,0.029745,0,0.026409,0,0,0,0,0.08526,0,0.011089,0.021561,0,0.087535,0,0.028267,0,0.066556,0,0.021571,0.044195,0.096484,0,0.154359,0.105763,0,0,0.040382,0,0.013537,0.034505,0,0.008419,0.118655,0.013025,0.083154,0.080785,0,0,0.180728,0,0,0,0,0.097606,0.092619,0.072907,0.178046,0,0.055668,0,0,0,0,0.143051,0,0,0,0.022824,0,0,0.057497,0.007589,0,0.014892,0.044807,0.080016,0.081606,0.04023,0,0,0,0.113382,0,0,0,0.066401,0,0,0,0,0,0,0,0,0,0,0,0.086531,0,0,0,0.064404,0,0,0.060436,0,0,0,0,0,0.047341,0.004754,0,0,0,0,0.031473,0,0,0.040662,0,0,0,0.049205,0.112045,0,0.074814,0.053597,0.035279,0.087197,0.017243,0,0,0,0.081816,0,0.013243,0,0,0.044395,0.013495,0,0,0.049475,0,0,0,0,0,0,0.025127,0.074503,0,0.064092,0.011387,0]', NULL);
INSERT INTO public.body_profiles (id, person_id, image_url, created_at, embedding, quality_score) VALUES (6, 7, '/dashboard/data-board/file/body/body_83c3c16a235d49d3afe0add2e7071342.jpg', '2026-06-21 19:45:02.532833+08', '[0.03119,0,0,0.033361,0,0.07333,0,0.022166,0,0,0.033584,0.049891,0.153298,0.016384,0.053055,0,0,0,0.105915,0.087426,0.041285,0.002884,0.079768,0,0,0.067967,0,0,0.05319,0,0,0,0.065586,0.041387,0.00963,0,0,0,0,0,0.090326,0,0,0,0.035819,0,0,0,0,0,0.111141,0,0,0.059426,0.115673,0.003509,0.049826,0.069734,0,0,0,0.029807,0.134634,0,0,0,0.11698,0.016135,0.036396,0,0.030825,0.010842,0,0.028347,0,0,0,0.006154,0.025787,0.127579,0,0.034324,0.013291,0.021427,0,0,0,0.02195,0,0,0,0,0,0.040432,0.059252,0,0.018844,0.062551,0.021283,0,0,0,0,0.009801,0.024527,0,0,0.0732,0.022946,0,0.008733,0,0.006728,0.025152,0.014073,0,0,0.045728,0.020988,0,0,0,0.029289,0,0.105806,0,0,0,0,0,0,0,0.062481,0.129584,0.063195,0,0.04906,0.033126,0,0,0.073534,0,0.058925,0,0.023857,0.052246,0,0.136911,0,0,0,0.054182,0,0,0,0,0.008345,0.007768,0.050307,0.129641,0,0.004386,0,0.065571,0.030658,0,0,0.111221,0,0,0.06367,0.042453,0,0,0,0,0,0,0,0,0.025578,0,0,0.017625,0,0,0,0.039062,0,0,0.068406,0.068521,0,0.094359,0.051059,0.026993,0.084782,0.024828,0,0.032541,0,0.024548,0.070723,0,0,0,0,0,0.026264,0.056534,0.082822,0,0,0.077986,0.007955,0,0,0,0,0,0.003571,0,0,0,0,0.096429,0.058006,0.145316,0,0,0.05477,0.069489,0,0.031942,0.034115,0.00932,0,0.053217,0.116258,0.168188,0,0.146677,0.031874,0.129722,0,0,0,0.112765,0,0,0.149819,0.014223,0,0,0,0,0.020042,0,0,0.063148,0,0,0.009558,0.012415,0.05485,0.008876,0,0.149073,0.064308,0.086634,0.061276,0,0,0,0.030769,0,0.043998,0,0,0.025572,0.047305,0.069048,0.026893,0,0.107083,0.107949,0,0.099434,0,0,0,0.031657,0.036305,0,0.015234,0,0,0.001009,0.079577,0.142939,0.033121,0,0.021978,0,0.141359,0.022435,0.017529,0.012374,0,0,0.019838,0,0.042097,0,0.045035,0.04664,0,0,0.032564,0,0,0,0,0.031814,0,0,0.011083,0.054736,0,0.06478,0.013135,0,0,0.032704,0,0.009465,0.052394,0,0.060661,0,0.038141,0,0,0.039415,0.043477,0,0,0.023742,0,0,0,0,0.097492,0.002362,0.161527,0.037935,0.07327,0,0.031908,0,0.017112,0,0.001391,0,0,0,0.026623,0,0,0,0,0,0.045366,0.052622,0,0.059447,0.004347,0.012826,0.114465,0,0.026248,0,0.036246,0.021093,0.086299,0.049011,0.042356,0,0.106515,0.004769,0,0,0.084335,0,0.061583,0.015542,0,0.001771,0.069376,0.154697,0.011603,0.018362,0,0,0.149061,0,0,0,0.043548,0.076102,0.053349,0.053311,0.135724,0,0.011322,0,0,0,0,0.099843,0,0,0,0,0,0,0,0,0,0.040437,0.053296,0.055843,0.044327,0.070127,0,0.090343,0,0,0,0,0,0.02873,0,0,0,0,0,0,0,0.007278,0,0.013333,0,0.097537,0,0,0,0.077954,0.023855,0,0.023353,0,0,0.009898,0,0,0.035878,0.029873,0,0.023939,0,0,0,0,0,0.036176,0.071711,0.027637,0,0,0.114561,0,0.079789,0.043069,0.023593,0.065838,0.071971,0,0,0,0.05046,0,0.066646,0.012354,0,0,0,0,0,0.004978,0.024241,0,0,0.009781,0.003985,0,0.002423,0,0,0.089205,0,0]', NULL);
INSERT INTO public.body_profiles (id, person_id, image_url, created_at, embedding, quality_score) VALUES (7, 8, '/dashboard/data-board/file/body/body_c63de690f8eb4659b896caf2b05b4c10.jpg', '2026-06-21 20:13:30.528979+08', '[0.042179,0.000641,0,0,0,0.016124,0,0,0.055404,0.002496,0.035038,0,0.057125,0,0.038667,0,0,0,0.106851,0.098137,0.076241,0,0.06396,0,0,0.080627,0,0.04254,0.0102,0,0,0,0.107675,0.002337,0.015058,0,0,0.040941,0,0,0.030646,0.009399,0,0,0.013753,0.087307,0.087778,0.009042,0,0.05396,0.08737,0,0,0.028384,0.100227,0.006038,0.051313,0.076347,0,0.006644,0,0.057191,0.027279,0.031007,0,0.091099,0.015938,0.006013,0.071716,0,0.160488,0,0,0.056046,0,0,0,0,0,0.012176,0.05489,0.09158,0,0,0,0.079358,0,0.129087,0,0,0,0,0,0.020881,0.080486,0,0,0.078979,0.063783,0.009851,0,0,0,0.028262,0,0,0.054754,0,0,0,0,0,0,0,0.107083,0,0,0.089279,0.014792,0,0,0,0.067464,0,0.008207,0,0,0.030754,0,0,0,0,0.233251,0,0.009022,0.081072,0,0.086694,0,0,0.091093,0,0,0,0.030546,0.036663,0,0.111859,0,0,0,0.027263,0,0,0,0.039513,0,0.039786,0.031049,0.074384,0,0,0,0.050053,0,0,0.036692,0.117815,0.029374,0.008043,0,0.079972,0,0.005343,0,0.027224,0,0,0.030419,0.015708,0.024929,0,0,0,0,0,0.037935,0.007891,0,0.002849,0,0.27962,0,0.066512,0,0,0.122767,0.106953,0,0.137001,0,0.051896,0,0,0,0,0.016264,0,0,0,0.059778,0,0.038705,0.008461,0.024201,0,0.061624,0.02147,0.017499,0,0.046021,0,0,0,0.060729,0,0.054214,0.100972,0,0.03964,0,0.096455,0,0.034267,0.059468,0,0,0.096704,0,0.0966,0,0.001304,0,0.050644,0,0,0.01132,0.137722,0,0,0.095969,0,0,0,0,0,0.019203,0.016372,0.008899,0.02793,0,0,0,0,0.062159,0.011509,0,0.122234,0,0.012687,0,0,0.00457,0,0.04054,0,0.134505,0.067373,0,0.013706,0.005366,0.030332,0.066615,0,0.025225,0.004518,0,0.079726,0,0.043244,0,0.077616,0.022517,0,0.004144,0,0,0.003191,0.053008,0.08641,0,0,0,0,0.102136,0.00288,0,0.03173,0,0,0,0,0.119787,0,0.104807,0.065558,0,0,0,0,0.019173,0,0,0.017132,0,0,0,0.071202,0,0.018695,0.019241,0,0,0,0,0,0.080857,0,0,0,0.087448,0,0,0,0,0,0,0,0,0,0,0,0.109286,0,0.066242,0.068057,0.024297,0,0.092342,0,0,0,0.001318,0.059251,0,0,0,0,0.015315,0,0,0,0,0.06411,0,0.078582,0.029395,0,0.010736,0,0,0,0.028965,0.046077,0,0.011094,0.07973,0,0.086117,0,0.037713,0,0,0,0,0,0,0.021406,0.070748,0.071834,0.063736,0.061515,0.034703,0,0.131186,0,0,0.011156,0,0.069182,0.08765,0.031081,0.143868,0,0.089782,0.044371,0,0.041348,0,0.088551,0,0,0,0.086729,0,0,0,0,0,0.081891,0.033556,0.049807,0.031192,0,0.029976,0,0,0,0,0.031431,0,0.088029,0,0,0,0,0.069975,0,0,0,0.068886,0,0,0.035801,0,0,0.031126,0.017002,0,0,0,0,0,0,0,0,0.060242,0,0,0,0,0.018566,0.109253,0,0,0.095324,0.093623,0,0,0,0.067209,0,0,0.039148,0.012479,0.029928,0,0,0,0,0.137447,0,0,0,0,0.023557,0,0,0,0,0.03373,0,0,0,0,0,0.049455,0.051938,0,0,0.073565,0]', NULL);
INSERT INTO public.body_profiles (id, person_id, image_url, created_at, embedding, quality_score) VALUES (8, 9, '/dashboard/data-board/file/body/body_edc4beda94c242698eb31256be5e9ac5.jpg', '2026-06-21 21:29:53.006983+08', '[0,0.011167,0,0,0,0.044654,0,0,0,0.051004,0.007172,0,0.088783,0,0.049085,0,0,0,0.045668,0.035869,0.098223,0.007547,0,0,0,0.107192,0,0.024369,0,0,0,0.021811,0.053932,0.05215,0.041461,0,0,0.025613,0,0,0.00884,0.067802,0,0,0,0,0.025034,0.001073,0,0,0.064237,0,0,0,0.093452,0.047771,0.108798,0.093697,0,0.010475,0,0.136954,0.013159,0.010648,0.052291,0.020274,0.126917,0.05505,0.021817,0,0.05094,0.020623,0,0.069448,0,0,0,0.030565,0,0.065507,0,0.105178,0.040173,0,0,0.047673,0,0.11288,0,0,0,0,0,0.055043,0.036247,0,0,0.006885,0.040341,0.000933,0,0,0,0.060131,0,0,0.090928,0.049906,0,0,0,0,0.031514,0.005837,0.093318,0,0.060102,0.044388,0.015348,0.005803,0,0,0.043744,0,0,0,0.012852,0,0,0,0.022767,0,0.098658,0.131393,0.058389,0.107063,0.002603,0.072047,0,0.043921,0.048324,0,0,0,0.046053,0,0,0.046911,0,0,0.023193,0.031042,0,0,0,0.059438,0,0,0.061352,0.071519,0,0.016203,0.015267,0.059283,0,0,0.014148,0.142159,0.063822,0,0.13483,0.051365,0,0,0.016113,0,0.061827,0,0,0,0.008017,0,0,0,0,0,0.025975,0,0,0,0,0.169559,0,0.045469,0,0,0,0.067521,0,0.103785,0,0.166853,0,0,0,0,0.034051,0,0.004105,0.033635,0.118611,0.029994,0,0.09203,0,0,0,0,0.017604,0,0,0,0,0,0.019889,0,0.080017,0,0,0.032146,0,0.072675,0,0.04132,0.043715,0.00938,0,0.072262,0.054293,0.121338,0,0,0,0.072861,0,0,0,0.037213,0,0,0.154476,0,0,0,0,0,0,0.115653,0.064603,0.034812,0,0,0.072957,0,0.081836,0.00742,0,0.16695,0.037201,0.008143,0.004403,0,0.02317,0,0.043348,0,0.099047,0,0,0.074229,0.002082,0.006991,0.001008,0,0.03477,0,0,0.096326,0,0.071142,0,0.065467,0,0,0,0,0,0,0.067758,0.082079,0,0,0,0,0.030026,0.094313,0.007037,0.03483,0,0,0,0,0.129981,0,0.053445,0.033572,0,0,0.043281,0,0.022937,0,0,0.064447,0,0,0.029262,0.110515,0,0.044772,0.041915,0.035388,0,0,0.013458,0,0,0,0,0.004587,0,0.031125,0,0.045197,0,0.026216,0,0.028762,0,0,0,0,0.147422,0,0.028021,0.068651,0.039336,0,0.025691,0,0.104501,0,0,0.004186,0.009377,0,0.022957,0,0.048041,0,0.01836,0,0.078387,0.046819,0,0.084361,0.015925,0,0.081819,0,0.017794,0,0.062282,0.003889,0.02739,0.018607,0.042828,0,0.064509,0.09283,0,0,0.053578,0,0.001005,0.01895,0,0,0.130947,0.007457,0.122302,0.042886,0,0,0.175452,0,0.038879,0,0.04356,0.030172,0.060795,0.026597,0.142778,0,0.037811,0,0,0.021039,0,0.075205,0,0.062551,0,0,0,0,0.017373,0.008521,0,0.153808,0.027204,0,0.037878,0.000384,0,0,0.013121,0.016821,0,0.063903,0,0.033021,0,0,0,0,0.04201,0,0,0,0.000238,0,0,0.084859,0,0,0.010831,0.144468,0,0.03999,0.111092,0.022684,0,0,0,0.009958,0,0.069952,0,0,0,0,0.056577,0,0,0.008995,0,0.003249,0.019965,0.002885,0.133311,0.036243,0.030601,0,0,0.042545,0,0,0,0,0.029411,0.002815,0.020519,0,0,0.021148,0,0,0,0,0,0,0,0.057291,0.013321,0,0,0.102118,0,0.004227,0.087222,0]', NULL);
INSERT INTO public.body_profiles (id, person_id, image_url, created_at, embedding, quality_score) VALUES (9, 10, '/dashboard/data-board/file/body/body_1e60305a7c65486bb83c478409cde3ae.jpg', '2026-06-21 21:29:56.2342+08', '[0.03371,0.004743,0,0.002375,0,0.029478,0,0.060251,0,0.030166,0,0.039832,0.040059,0,0.01988,0,0,0,0.088177,0.045141,0.078269,0,0.042783,0,0,0.064964,0.002537,0,0.001341,0.040985,0,0.00824,0,0.05258,0.023615,0,0,0.035695,0,0,0,0.106125,0,0,0,0.027891,0.008661,0.011784,0,0,0.079584,0,0,0,0.021194,0.020263,0.115167,0.119165,0,0.05806,0.015156,0.158988,0.007573,0.059388,0,0,0.134012,0.008675,0.026867,0.029401,0.082858,0.068121,0,0.081388,0,0,0,0,0,0.060944,0.07367,0.078373,0.014014,0,0,0,0.004552,0.090604,0.057875,0,0,0,0,0.01588,0.04691,0,0,0.063136,0.087316,0.081106,0.050696,0,0,0.008747,0,0,0,0.039198,0,0,0,0,0.041849,0,0.019313,0,0.005622,0.063596,0.025376,0,0,0,0.061178,0.000781,0.017638,0,0.026411,0.093324,0,0,0.018235,0,0.093987,0.056863,0.076393,0.110816,0,0.024037,0,0,0.078222,0,0.041414,0.006172,0.009775,0.002865,0,0.100261,0,0,0.010575,0.021685,0,0,0,0,0,0.024293,0.049264,0.087748,0,0.01751,0,0.01856,0,0,0.038835,0.15362,0.039516,0,0,0.005014,0,0.008839,0,0.030132,0,0,0,0,0.024663,0.032758,0,0,0,0,0.121595,0,0,0.038355,0,0.161923,0.015914,0.114854,0,0,0.039303,0.099385,0,0,0,0.034161,0,0.024197,0,0,0,0,0,0.018688,0.133734,0,0,0.093725,0,0,0,0,0,0,0,0.040654,0,0,0,0.019023,0.073916,0.068031,0,0,0,0,0,0.072087,0.038651,0.013779,0,0.084017,0.031651,0.115958,0,0.030277,0.02363,0.119923,0.007016,0,0,0.055652,0,0,0.012369,0.083876,0,0,0,0,0.028124,0.065696,0.072085,0.040164,0,0,0.059011,0,0.01317,0.015477,0.029874,0.071108,0,0.050753,0,0,0,0,0.034394,0.041288,0.035464,0,0,0.049137,0,0,0,0,0.003645,0,0,0.179683,0,0.068779,0,0.096769,0.005474,0,0,0,0,0.037018,0.094943,0.085902,0,0,0.053238,0,0.09181,0.036512,0.059112,0.053177,0,0,0.003215,0,0.166691,0,0.022101,0.053704,0,0,0.092364,0,0,0,0,0.048467,0.02617,0,0.058582,0.02772,0,0.078643,0.080323,0,0,0,0.014805,0,0.045867,0,0,0,0.00164,0.04177,0,0,0,0.01351,0.033434,0.081659,0,0,0,0,0.147,0,0.046414,0.045595,0.074882,0,0,0,0.049388,0,0,0.000361,0.031108,0,0,0,0.09492,0,0.010074,0,0.040052,0.085423,0,0.059841,0,0,0.103539,0,0.054518,0,0.028793,0,0,0.031945,0.114979,0.084775,0.079819,0.060786,0,0,0.025742,0,0,0.023644,0,0.046695,0.145937,0.068967,0.150935,0.054404,0,0,0.145032,0,0.002239,0,0.065949,0.04047,0,0.07542,0.099438,0,0.090667,0,0,0,0,0.121928,0,0.05259,0,0.035365,0,0,0.045623,0.007398,0,0.039042,0.051912,0.034982,0.02841,0.006556,0,0.054529,0,0,0,0,0,0.077192,0,0,0,0,0.076334,0,0,0,0,0,0,0.075213,0,8.9e-05,0,0.053212,0,0,0.088978,0,0,0,0,0.009991,0.053448,0.028845,0,0,0,0,0.030612,0,0,0.005642,0,0,0.00055,0.014637,0.15957,0,0.056303,0.01098,0.030047,0.09075,0,0.002674,0.01141,0,0.025478,0,0.007944,0.104246,0,0.019141,0,0,0,0.017597,0,0,0,0,0.033731,0,0.002836,0.047877,0,0.087667,0,0]', NULL);


--
-- Data for Name: face_profiles; Type: TABLE DATA; Schema: public; Owner: postgres
--

INSERT INTO public.face_profiles (id, person_id, embedding, image_url, quality_score, created_at) VALUES (1, 1, '[-0.043156,0.008299,0.022597,-0.043616,0.059757,-0.021592,-0.032964,0.003201,0.004183,0.011661,-0.014351,0.027892,-0.016443,-0.039943,-0.047178,0.014002,-0.014071,-0.034229,-0.013179,-0.027465,0.019918,0.006771,0.006242,-0.010117,-0.104494,-0.027195,0.08499,-0.0171,-0.058398,-0.010401,-0.003237,-0.062565,0.049181,0.044203,-0.053745,0.063757,-0.002498,0.016973,0.020331,-0.003822,-0.027761,-0.000579,0.003286,-0.007612,-0.00846,0.011954,0.002729,-0.065603,-0.06588,-0.063024,-0.058418,-0.03049,0.069708,-0.043321,-0.028099,-0.016458,0.041976,-0.015242,0.006591,-0.054453,-0.009335,-0.075227,-0.002264,0.02475,0.016173,0.013733,-0.017472,-0.021876,-0.027912,-0.0474,-0.04454,-0.0423,0.06139,0.015557,0.058726,-0.005264,0.000208,0.019039,-0.058539,0.011376,0.040863,-0.050893,0.055892,0.011632,0.025392,-0.040621,0.048656,0.028185,-0.022778,-0.048152,0.018089,0.078434,0.074994,0.013805,-0.060631,-0.030373,-0.1032,0.012474,0.030384,0.009631,-0.043681,0.019687,0.053827,-0.09019,0.076595,-0.011132,0.016321,-0.047031,0.046157,0.004547,0.093493,0.02548,-0.040684,-0.052554,-0.06131,-0.114899,-0.010004,0.007768,0.041061,-0.018209,0.013252,-0.077879,-0.034725,0.025384,0.020512,0.015846,0.05396,-0.011642,-0.017939,-0.034624,0.027842,0.005702,-0.039246,0.003742,0.069177,-0.024525,-0.009031,-0.07972,0.073474,0.01404,0.108992,0.023974,-0.033953,-0.010288,-0.061667,0.018294,0.013368,0.050833,0.03769,0.023383,-0.031077,-0.023669,-0.014039,-0.081904,0.07359,0.051009,0.004972,-0.011843,-0.033327,-0.025717,0.052371,-0.01748,0.009593,-0.009535,-0.121502,0.047518,-0.062,0.109746,0.047663,-0.082898,-0.000955,0.012994,-0.000433,-0.005499,0.057077,-0.033141,0.122075,-0.020216,0.05579,-0.048449,-0.03238,-0.021728,0.039316,0.010824,-0.01231,0.034895,0.005187,-0.076644,0.058924,-0.000615,0.063837,-0.070298,0.042533,-0.089347,0.015474,0.009703,0.002776,0.028658,0.019913,-0.055389,0.041558,-0.033333,0.106747,0.01085,-0.025044,-0.019985,0.049391,-0.168149,-0.013469,-0.007888,-0.00425,0.094734,-0.021522,-0.093779,-0.006981,0.011392,0.010098,-0.029531,-0.017611,-0.010868,0.037117,0.046189,-0.079974,-0.039349,-0.043704,-0.000913,0.008381,-0.009365,-0.037617,0.073694,-0.035134,-0.048446,0.011352,0.018677,0.061434,0.031482,-0.044452,0.030087,-0.002822,0.020549,0.04453,-0.064306,0.045159,-0.016663,0.026249,-0.025711,0.035561,-0.008039,-0.023471,-0.011947,0.043672,0.041432,-0.002039,0.020336,0.045135,0.040167,-0.05108,-0.067484,0.058362,-0.000728,0.038307,0.015846,0.039483,-0.006562,0.058445,0.01811,0.01757,-0.006883,0.037478,0.02296,-0.000926,-2.1e-05,0.109047,0.028544,0.025123,-0.009325,0.015046,0.011618,0.110483,0.032676,-0.06452,-0.047958,-0.024752,0.029099,0.037546,-0.006745,-0.002544,2.8e-05,0.058846,0.007609,-0.025289,-0.000779,0.000785,-0.011787,0.012171,0.002402,-0.040886,-0.11451,0.042364,0.051494,0.035825,-0.017595,-0.037549,0.035453,0.01062,0.01075,-0.040855,-0.013423,-0.059524,-0.040167,-0.040704,0.016073,0.005221,0.054701,0.039792,0.030592,0.052093,0.023142,0.047252,0.039419,0.085285,-0.043767,0.03599,0.061575,0.049919,0.05138,-0.029502,-0.091727,-0.020236,-0.038339,0.009043,-0.01691,0.055404,-0.012211,-0.044006,0.010864,-0.029321,0.014612,0.048608,-0.001092,-0.003472,0.030156,0.027487,-0.024036,-0.021474,0.039611,0.013781,-0.054937,-0.062594,-0.054438,-0.023641,-0.032296,0.029003,-0.032881,-0.023582,-0.000921,0.007547,-0.018888,-0.032923,-0.058858,-0.030017,-0.067888,-0.066414,-0.008842,-0.070718,-0.000149,0.032944,-0.001164,-0.043166,0.021647,-0.034846,-0.032132,0.049606,0.022923,0.000341,0.026458,0.008033,-0.003697,0.018893,0.142621,-0.019264,-0.019793,0.030997,0.021887,-0.039823,0.040747,0.044774,0.011026,0.017479,-0.021429,-0.011517,0.00651,0.037083,0.024888,-0.073898,-0.001979,-0.012996,-0.085469,-0.004378,-0.056461,-0.019275,-0.066965,0.044785,-0.054969,0.068141,-0.037332,-0.032076,-0.05038,-0.013491,0.011378,-0.071992,0.060891,-0.006314,0.013193,-0.049854,-0.061506,-0.002464,0.091516,0.043802,0.019051,0.075762,0.040275,-0.042154,0.007415,0.026818,-0.037754,0.06824,0.024115,-0.051329,-0.072631,-0.025154,0.049477,0.127793,-0.084292,0.032623,0.042971,0.006203,-0.008566,0.024228,-0.032029,0.052388,0.016792,0.028527,-0.0963,-0.070333,-0.018171,-0.008944,0.016992,-0.051679,0.011197,0.071674,-0.036291,0.068029,0.029555,-0.007854,-0.004885,-0.029422,-0.041436,-0.069037,0.04957,-0.045025,-0.071961,0.000102,0.021729,0.015139,0.061422,0.013248,-0.025046,-0.028794,-0.070663,-0.011709,-0.0241,-0.052637,-0.009285,-0.063034,0.027391,0.021519,0.029309,-0.058626,-0.010105,-0.006377,-0.03447,0.008662,0.024512,-0.005035,-0.060798,0.068811,0.083926,-0.034902,0.004252,-0.038872,0.080032,-0.056061,0.034821,-0.023729,-0.034992,0.000568,0.00673,-0.013605,-0.061637,0.022348,-0.078504,0.028747,0.046348,-0.052424,-0.026457,0.067638,-0.060477,0.016997,-0.079406,-0.05551,0.018344]', '/dashboard/data-board/file/face/face_cb7b84403a864993a69c05c6872fba84.jpg', NULL, '2026-06-01 19:58:50.030805+08');
INSERT INTO public.face_profiles (id, person_id, embedding, image_url, quality_score, created_at) VALUES (2, 2, '[-0.067264,-0.024585,0.01254,-0.020801,0.038181,0.016871,0.071566,0.003619,-0.03702,-0.066817,-0.002971,-0.051563,0.111864,-0.005991,0.032602,-0.061107,-0.143574,-0.052041,-0.034703,-0.030674,0.054569,-0.045965,0.035315,0.027005,-0.008493,0.004982,0.013698,0.062495,-0.018712,0.066862,0.04936,-0.022995,-0.066244,0.010582,-0.028607,0.016037,-0.002164,-0.033056,-0.043343,-0.010379,-0.017074,-0.019942,0.028376,0.02398,0.035945,0.008296,-0.027767,-0.054722,0.06848,-0.027312,-0.020622,-0.022815,0.003053,-0.061196,-0.067603,-0.02069,0.010493,-0.076479,-0.00474,-0.025871,0.033092,0.061302,0.019297,0.086815,0.018283,0.041662,-0.007511,-0.011603,-0.082721,-0.036012,0.083267,-0.039811,-0.084328,0.012354,0.053849,-0.032862,0.054984,0.014164,-0.100219,-0.041699,-0.025813,-0.01307,-0.00284,0.021913,0.116635,-0.062897,0.126892,0.027433,-0.048714,-0.029383,0.036318,0.021524,0.036295,-0.086228,-0.02178,-0.059215,-0.058875,-0.014144,0.038389,0.065021,0.011147,-0.056904,0.030701,-0.07006,0.075505,-0.008941,0.014179,-0.066586,0.018341,-0.001769,0.034211,0.005238,-0.058851,0.025415,0.038556,0.037063,-0.052743,0.069087,0.056419,0.027758,0.013413,-0.039865,-0.038154,0.046291,-0.044179,-0.043922,0.059473,-0.044513,-0.066478,-0.007039,0.030702,-0.030736,-0.005796,0.059462,0.107126,-0.008886,-0.060753,-0.076351,0.019447,0.002716,0.086023,-0.017098,-0.023782,0.004636,0.025053,-0.015372,0.006319,0.022187,0.09958,0.004652,-0.026261,0.050191,0.04,0.009168,-0.000131,0.034764,0.024013,0.008277,-0.019349,-0.005538,0.028614,-0.062445,-0.009271,0.001399,0.004375,0.055139,-0.088481,0.077601,0.037123,-0.118295,-0.028678,-0.025344,-0.01607,-0.010302,0.007538,0.006454,0.044006,0.03335,0.018113,0.032576,-0.032138,-0.024989,0.049757,-0.050682,-0.011451,0.037219,-0.065298,-0.09077,-0.0213,-0.077062,-0.007425,-0.044022,-0.001043,-0.056205,0.037532,0.077436,0.054561,-0.023249,0.070035,0.015285,0.049433,0.041053,0.130237,0.038867,-0.018825,0.032415,0.006909,-0.059697,5e-06,0.040952,-0.034373,0.019702,0.051712,-0.015904,-0.037341,-0.014001,-0.058164,0.033723,-0.000649,0.018091,0.087504,0.037818,0.034391,-0.073928,0.010812,0.012096,0.046041,-0.042863,-0.0376,-0.029836,2.3e-05,-0.006743,-0.010925,0.038914,-5.1e-05,-0.003722,-0.011393,0.084535,0.011027,0.015011,0.074354,-0.003177,0.001826,-0.002557,-0.000331,-0.046674,0.07782,-0.031766,-0.002851,-0.004346,0.050475,-0.022516,0.024334,-0.003996,0.008123,0.079926,-0.03584,-0.037677,0.079937,0.022587,0.094175,-0.016719,-0.024807,-0.022764,-0.000442,-0.052541,0.015738,-0.053073,0.026179,0.027689,0.043836,0.03023,0.045798,0.052512,0.003655,-0.00367,-0.013211,0.044462,0.054834,-0.025343,-0.087489,0.014996,0.014047,0.064556,-0.038613,-0.01127,-0.024546,0.043194,0.026219,-0.076272,-0.009621,0.015079,0.024338,-0.084953,-0.034184,-0.045049,0.003887,0.022435,0.019946,0.024518,-0.00914,-0.002268,-0.036227,-0.011081,0.017267,-0.043443,0.000333,-0.073139,-0.053162,-0.04318,-0.045173,-0.057148,-0.048559,-0.046963,0.017643,0.013515,0.056464,-0.046598,0.077513,0.023241,-0.013277,-0.100626,0.023728,0.006719,0.0333,-0.00579,0.060168,-0.028459,0.028368,0.019309,-0.023097,-0.052024,-0.037988,0.011086,-0.016671,-0.012165,-0.022354,-0.000652,0.029465,-0.069541,-0.036178,-0.004654,0.023944,-0.00654,-0.025153,0.028173,-0.006245,-0.067137,0.063012,-0.103969,-0.081427,0.02501,0.060334,0.004296,-0.000202,0.003161,-0.028828,-0.048055,0.00777,-0.018391,0.034323,-0.061752,0.004832,0.032032,-0.006609,0.002053,0.047469,0.019721,-0.030086,-0.01366,-0.068728,-0.059519,0.037288,-0.002603,-0.045249,0.078461,0.027738,0.018992,0.064867,0.057698,-0.038563,-0.045333,-0.007422,-0.063919,-0.049316,0.046952,-0.01276,0.04026,-0.007005,-0.008089,-0.039783,0.030382,0.025782,0.078602,-0.025968,0.051135,-0.036779,0.034934,0.016067,-0.020042,-0.06698,-0.02217,0.044701,-0.00858,0.037399,-0.057167,0.032453,0.002716,-0.009089,-0.098418,-0.072052,-0.01635,-0.010385,-0.030165,0.014632,-0.010288,-0.022753,0.041575,0.069787,0.071313,0.027038,-0.005931,-0.111319,-0.009299,-0.013447,-0.040309,0.070586,0.052943,0.020962,0.00515,-0.073332,0.02084,0.013254,-0.015628,-0.021024,-0.030689,-0.004422,0.037542,-0.047735,-0.01383,-0.001773,-0.005552,0.089608,-0.043261,0.06566,-0.013993,0.080198,-0.001859,-0.030762,-0.020181,0.063491,-0.005335,0.06311,-0.027638,-0.002064,-0.008698,-0.057834,-0.042027,-0.099242,-0.043013,-0.120397,-0.00806,-0.077982,0.009565,0.018647,-0.037542,0.05455,-0.014932,0.067835,-0.033601,-0.019217,0.051357,0.008825,-0.021322,-0.004527,0.045922,-0.052913,-0.00151,-0.013279,-0.019834,-0.055325,0.001036,-0.08099,-0.019801,-0.014644,-0.045187,0.069048,0.07236,5.1e-05,0.000924,0.018553,0.019792,-0.012258,-0.022844,0.022459,-0.037865,0.008794,-0.029763,-0.011322,-0.042226,0.029274,-0.092903,-0.013925,0.011705,-0.054916,-0.04505,0.016082,0.008508,0.04335,-0.027919,-0.031764,-0.018381]', '/dashboard/data-board/file/face/face_690865f4bf464c96b879a6e1356f2e46.jpg', NULL, '2026-06-01 20:00:27.761517+08');
INSERT INTO public.face_profiles (id, person_id, embedding, image_url, quality_score, created_at) VALUES (3, 3, '[0.036398,0.022225,-0.022309,-0.01016,-0.020308,0.00101,0.015416,-0.005237,0.019488,0.037621,0.079037,0.047234,-0.044938,0.030537,0.043599,-0.00645,-0.060514,0.00236,0.015547,-0.036398,-0.028318,-0.044664,-0.023353,-0.010984,-0.020544,0.050559,0.057033,-0.051514,-0.066693,0.032202,0.005609,-0.022662,0.02747,-0.075189,0.008346,-0.051542,-0.060512,-0.109857,-0.081389,-0.001383,0.094403,0.031969,-0.002334,0.065896,0.059425,-0.029341,-0.02028,0.005098,-0.051679,0.034821,-0.040164,-0.068917,-0.054704,-0.010851,0.009421,0.020318,-0.045677,-0.055805,-0.012348,-0.092974,-0.005574,-0.005208,-0.058483,-0.001667,0.026311,0.012471,-0.00961,0.017732,0.028831,0.040319,0.022226,-0.021091,-0.001951,-0.058966,0.029738,0.046103,-0.004877,0.03719,0.051914,-0.037593,0.021757,-0.07842,0.050029,-0.012275,-0.051184,-0.00705,-0.054228,-0.094619,-0.004894,0.026595,0.003718,-0.010655,0.091584,0.007172,-0.036002,-0.025771,0.009645,0.011136,-0.037764,-0.031283,-0.015038,-0.055006,-0.099535,0.000946,0.068209,0.034974,0.005448,-0.025269,0.05861,0.002765,-0.020459,0.043917,0.02568,-0.033,-0.011158,0.008046,-0.082264,0.045987,0.002191,0.118165,0.005517,0.069387,-0.048316,-0.032396,-0.020514,0.017835,-0.025272,0.015405,-0.015091,0.044603,-0.040094,0.031164,0.031899,-0.014879,-0.048269,-0.001746,-0.040528,0.046462,0.022048,-0.043296,-0.080961,0.076408,0.062487,0.021338,-0.064838,-0.052579,0.046785,0.010023,-0.111971,-0.00742,0.046763,-0.017951,-0.06251,0.038516,0.107128,0.055766,0.021684,0.024639,0.005581,-0.006109,-0.027018,-0.026177,-0.075497,0.059244,-0.068519,-0.011022,0.035346,-0.018377,-0.030952,0.004056,-0.015277,0.044545,-0.059999,0.111576,-0.040489,-0.011085,0.0232,-0.001896,0.010304,-0.012145,-0.028268,0.006595,-0.02595,-0.016361,-0.049342,0.003528,-0.067641,0.017266,-0.037548,-0.008074,0.01921,-0.098486,-0.045841,-0.026804,-0.006491,-0.071789,0.029921,0.032376,0.03184,0.031777,0.047142,-0.025518,0.108398,-0.033698,0.028462,0.055483,0.033459,-0.020934,0.012827,-0.007438,0.023094,-0.010253,-0.010185,0.011653,-0.024831,0.001477,-0.021643,-0.034037,-0.01669,-0.006024,0.027962,0.003423,0.01336,0.073819,-0.002205,-0.013461,0.047228,0.049605,-0.046258,0.022582,-0.009858,-0.038175,-0.035404,-0.015442,0.008173,0.049611,0.0424,0.06103,-0.024592,0.013323,0.051118,-0.068401,-0.072995,0.02386,0.019139,-0.044294,0.071307,0.066148,-0.054503,0.000194,-0.007611,0.038343,0.031489,0.096373,0.004305,-0.00034,-0.000214,-0.038433,-0.016347,0.002581,-0.016696,-0.036547,0.012481,0.071138,-0.121205,0.01785,0.070386,0.040457,-0.020107,-0.056274,0.012435,0.001395,-0.031228,0.025972,0.009246,0.057424,-0.004306,-0.048813,0.019054,-0.03047,-0.022348,-0.017005,0.073075,-0.054083,-0.035654,-0.040943,0.031305,0.021315,-0.080587,0.011498,-0.039468,0.044741,0.017925,0.05846,-0.050461,-0.021993,0.063266,0.016707,-0.075001,0.009827,0.036783,0.002481,-0.080183,0.042564,-0.041753,-0.003702,-0.008456,-0.003473,-0.033176,-0.023557,0.000272,-0.093863,-0.045281,0.098107,-0.024626,-0.003996,0.016476,0.056831,-0.013512,-0.055422,-0.012356,0.017142,0.091643,-0.061713,0.043075,0.06198,0.018824,-0.022642,0.030247,-0.043989,-0.110194,-0.001079,0.007718,-0.011153,-0.008724,0.025154,-0.018825,0.000775,-0.030024,-0.085718,0.060175,0.023374,0.013811,-0.006183,-0.025941,-0.068572,-0.130391,0.010713,-0.032871,0.046054,0.070482,-0.026697,0.055419,0.015231,0.005935,-0.046268,0.011486,-0.065454,0.007741,-0.012983,-0.026276,-0.03347,0.004091,-0.000544,0.022532,0.011451,0.015571,-0.049599,-0.004652,0.020571,-0.037204,0.075736,-0.038293,-0.063345,-0.006034,-0.091509,-0.009579,0.072382,-0.013407,0.011548,0.045123,0.018323,0.00202,0.068853,-0.021802,0.04124,0.036254,0.052411,0.045628,0.050981,0.021512,0.121665,-0.023207,-0.000727,-0.008051,-0.03425,0.031052,0.059197,-0.080187,0.122055,-0.021149,0.025463,-0.029736,-0.037623,-0.079143,0.01055,0.032098,-0.052349,0.042582,-0.043984,0.029299,0.000208,0.056182,0.017151,-0.051892,-0.110263,0.033954,0.003297,0.027963,0.01016,-0.059383,0.047499,0.04579,-0.019619,0.040215,0.039854,-0.05565,-0.11765,0.020778,-0.031047,0.031221,0.008136,-0.050615,-0.00825,0.017641,-0.041096,0.008872,-0.051427,0.023956,0.024744,-0.043634,-0.043847,-0.021396,0.009074,-0.077812,0.008629,0.013179,0.084015,-0.01795,0.006961,0.000295,-0.008418,0.017324,0.065141,-0.020967,0.069577,-0.060848,-0.067246,0.024732,-0.038997,0.01993,-0.034867,0.036918,0.042401,0.025933,-0.068244,0.003252,0.021436,0.027484,-5.7e-05,0.017012,0.010837,0.000763,-0.058448,0.012503,-0.047644,-0.066656,0.038084,-0.004294,-0.03871,-0.037741,-0.020581,0.014098,-0.073976,-0.005045,0.016676,0.025515,-0.006762,0.02011,-0.015937,-0.029081,-0.022553,0.003204,0.038615,-0.011424,0.043746,0.008209,-0.049443,0.01895,-0.077376,-0.007195,-0.015845,0.070362,0.016438,-0.003089,0.029796,-0.009431,-0.056889,0.0729,-0.074017,-0.121069,-0.130041]', '/dashboard/data-board/file/face/face_zhaopan_2024117427.jpg', 0.8938, '2026-06-21 14:18:21.988433+08');
INSERT INTO public.face_profiles (id, person_id, embedding, image_url, quality_score, created_at) VALUES (4, 6, '[0.011318,0.018333,0.057878,-0.046804,-0.016685,-0.03145,-0.007362,0.056399,0.019232,0.057766,-0.0013,0.104732,-0.052495,0.009968,0.002285,-0.021862,-0.046286,-0.077701,-0.038035,-0.060816,0.056319,-0.036012,-0.026978,-0.036864,-0.018086,-0.021214,0.017239,-0.064971,-0.035379,0.005044,0.053223,0.01573,0.038447,-0.060506,0.05089,-0.027432,-0.04447,-0.0445,-0.002339,0.001074,0.024786,-0.044675,0.001451,-0.028294,0.057104,-0.044426,0.009533,-0.074964,-0.033247,0.019103,-0.002363,-0.045805,-0.050742,-0.011231,0.036801,0.037742,-0.039033,-0.038796,-0.021326,0.003925,0.103673,-0.027411,0.022807,0.102035,0.040112,-0.013443,0.059593,-0.058309,-0.044459,-0.069853,0.00556,0.029379,0.018993,0.017984,0.083435,0.019573,-0.002286,-0.01199,0.013999,-0.088921,-0.042783,-0.104208,0.010503,0.006568,-0.048229,0.016597,0.072742,-0.015489,-0.018584,0.011468,-0.03967,0.030575,0.02945,0.064192,0.005145,-0.007577,-0.053578,0.041996,-0.029487,-0.07628,-0.071232,0.014129,-0.060417,-0.006572,0.099324,0.040494,0.033829,0.01013,-0.019803,-0.010869,-0.018652,0.033175,0.066451,-0.016191,-0.011684,2.3e-05,0.050509,-0.007331,-0.039148,0.041914,0.022961,0.036315,0.024404,0.017535,-0.095672,0.017235,0.006048,-0.011804,0.024775,0.06994,-0.038084,0.001523,-0.031519,-0.071332,-0.044105,-0.005967,0.059177,-0.03467,0.022521,0.004493,-0.017864,0.023056,-0.018963,-0.070186,0.038569,-0.025174,0.008278,-0.020734,-0.000538,-0.03015,0.026628,0.050099,-0.053956,-0.045127,0.062035,0.098741,-0.007535,-0.02605,0.00316,0.023636,0.069219,-0.065514,-0.046828,0.046275,-0.017275,-0.077383,-0.034603,0.031684,-0.013109,-0.019965,-0.03046,0.042537,0.00015,0.060727,-0.010924,-0.013775,0.016472,-0.024517,0.027055,-0.053038,0.031967,0.03793,0.041198,-0.049598,0.047872,0.003894,-0.028976,-0.028648,0.099012,0.019104,-0.01852,-0.056076,-0.034686,-0.025684,-0.007455,0.013507,0.03951,0.058728,0.049142,0.025121,0.029537,-0.069255,0.046184,-0.034281,0.00704,0.007055,0.033734,-0.065238,0.089242,-0.024206,0.020885,-0.070504,0.002206,-0.021371,-0.029176,-0.081249,-0.048998,-0.010657,-0.026608,-0.040503,0.0758,0.073885,0.010578,0.014482,-0.035525,-0.035953,0.071298,0.013418,-0.061918,-0.054164,-0.104372,-0.018525,0.001561,0.055537,0.108684,-0.007426,0.027933,-0.031606,-0.069195,-0.049324,0.016904,-0.057723,0.019221,0.094341,0.049966,-0.092558,0.072176,-0.002308,-0.137012,-0.037977,0.056842,0.045703,-0.071263,0.051001,-0.078261,0.109089,-0.057303,-0.024984,0.026295,-0.015119,-0.006467,-0.044177,-0.041735,0.045918,-0.026263,-0.031095,0.022638,0.055446,0.04067,-0.03734,-0.032856,-0.0298,-0.03054,0.056896,-0.014916,0.020654,-0.038259,-0.008641,0.085281,0.071553,-0.004152,-0.001748,-0.048639,-0.021813,0.009927,0.041113,0.012318,0.027099,-0.00337,-0.054047,0.043308,0.016302,-0.040917,0.022306,0.040306,-0.015912,0.030744,-0.025554,-0.051595,0.071814,0.009927,0.014067,-0.021752,0.06817,-0.082268,-0.079617,-0.015502,-0.04386,-0.104851,-0.025604,-0.015397,-0.007337,-0.041125,0.091175,0.021189,-0.039493,0.057749,-0.00378,-0.021096,-0.122007,0.017652,-0.010573,0.001617,0.044087,0.054201,0.048645,-0.011163,-0.025822,-0.052182,-0.024283,-0.057432,0.009565,-0.029493,0.042261,-0.004016,-0.057044,-0.052957,-0.054174,0.035326,0.021919,-0.020177,-0.013993,0.002899,0.085976,-0.021551,0.008024,-0.071861,-0.012666,-0.014024,0.054819,0.031232,-0.024135,-0.072271,0.036537,-0.022272,-0.05433,-0.074104,-0.103715,-0.002092,-0.083133,0.034477,-0.022903,-0.014986,0.011304,0.01683,0.016044,0.015581,0.069582,0.007072,0.00201,0.000954,-0.070504,0.020709,-0.000505,-0.033054,-0.032787,-0.012294,0.125535,0.000168,0.035487,-0.01455,0.027694,0.013957,0.028151,-0.073733,0.020908,-0.02943,0.061306,0.007022,-0.018677,-0.006776,0.077269,-0.001419,0.108392,-0.024677,0.047769,0.017189,0.02138,-0.121867,0.050076,-0.050537,0.059813,0.015773,-0.01153,0.021191,0.062222,0.008906,-0.012718,0.078585,-0.021674,-0.005735,-0.034542,-0.043514,-0.014194,-0.040643,-0.040658,0.013646,0.019773,0.006283,0.062097,-0.01026,0.021337,0.034881,0.083241,-0.0148,0.050576,0.034997,-0.053427,-0.002943,-0.009221,-0.006639,-0.030968,-0.073852,-0.026289,-0.017663,-0.052524,0.056029,0.005253,0.030061,-0.017061,0.014083,0.011324,-4.9e-05,-0.012824,-0.000498,0.001007,0.017065,0.04485,-0.021356,0.07999,0.0643,0.036863,0.039969,0.050786,-0.009008,-0.005396,-0.031017,-0.032934,-0.034623,-0.079844,-0.012731,-0.026521,0.005332,0.073748,0.040115,-0.027421,-0.056218,0.072202,0.010076,-0.012731,-0.029699,-0.023651,0.009016,0.003131,-0.011536,-0.025926,-0.017294,0.008801,0.00691,0.048973,0.016398,-0.036324,0.026427,-0.077517,0.040979,-0.024676,0.051858,-0.01307,0.054866,-0.011994,-0.01224,0.046914,-0.022165,0.038014,-0.004937,0.058999,-0.004958,0.014684,0.021427,-0.02936,-0.000339,-0.036288,0.058037,0.056037,0.031173,0.08397,-0.045865,-0.060914,0.036243,-0.009418,-0.070668,-0.014017]', '/dashboard/data-board/file/face/face_8f8ceeaf235d481ab27c19f782f399cc.jpg', NULL, '2026-06-21 19:44:53.045554+08');
INSERT INTO public.face_profiles (id, person_id, embedding, image_url, quality_score, created_at) VALUES (5, 7, '[-0.061479,-0.048173,0.058629,-0.001037,0.055739,-0.001666,-0.006288,0.047031,-0.04581,0.017958,-0.004593,0.008176,0.123424,0.044362,-0.058595,0.026696,-0.094375,-0.032016,-0.070491,-0.016199,-0.00035,0.02415,-0.024898,0.036746,-0.010342,0.013581,0.094668,0.001887,0.009634,-0.004252,-0.027133,-0.044395,-0.051983,0.06131,0.01215,-0.000844,0.021015,-0.020454,-0.075439,0.089602,-0.021616,-0.003324,-0.02433,-0.029011,0.005912,-0.025441,-0.024061,-0.099611,-0.029299,-0.072481,-0.048091,-0.043465,0.046574,0.026107,0.012059,-0.037354,-0.020719,0.035501,-0.00216,-0.074553,-0.004091,0.026383,0.010998,0.10035,-0.012956,0.131117,-0.030643,-0.025624,-0.040977,-0.112417,-0.049969,-0.011632,0.004061,-0.014236,0.043032,-0.083449,0.062739,-0.015167,-0.011305,-0.025255,0.021753,-0.052406,-0.019751,-0.036688,0.019203,-0.068598,0.144705,0.009068,-0.055311,-0.067436,-0.037448,-0.024389,-0.024537,-0.044231,-0.034458,-0.101818,-0.098666,-0.003713,-0.003205,0.005003,-0.033404,-0.053271,-0.012985,-0.028522,-0.02053,0.026149,0.040358,0.012377,-0.031905,0.002691,0.002938,0.101923,0.016445,0.016323,0.074072,-0.006392,-0.005768,-0.038894,0.031794,0.029321,-0.039197,-0.047736,-0.061153,0.069325,0.051438,0.009206,0.060314,0.006167,-0.039786,0.04784,0.042439,-0.003669,-0.001713,0.007238,0.020768,0.024456,0.054094,-0.066614,0.031699,0.028504,0.009083,0.028382,-0.000795,-0.032162,0.02328,-0.014266,-0.030065,-0.02078,0.001887,0.037247,-0.039187,0.040993,0.014407,0.003284,0.065819,0.096372,0.032983,0.013976,-0.013006,0.005569,0.005848,0.016291,0.006054,-0.002719,-0.047703,0.044157,-0.111792,0.069901,0.042907,-0.105347,0.029652,-0.003123,-0.109371,-0.017872,0.088715,-0.020377,0.026554,0.059531,0.004974,0.013441,-0.029529,0.038154,0.065069,-0.071898,0.007763,0.032689,-0.057565,-0.051927,-0.006926,0.053451,0.006015,-0.103387,0.008593,-0.041461,0.049429,0.089548,-0.021607,-0.046232,-0.028019,0.019553,-0.016041,0.003908,0.063437,0.051627,0.011329,-0.036786,0.007945,-0.092911,-0.015723,-0.052859,-0.014783,0.038421,0.01151,0.032898,-0.029476,0.030791,-0.026057,0.019524,-0.043068,0.020639,0.070635,0.034841,-0.059053,-0.095614,-0.035805,0.000464,-0.006941,0.020969,5.1e-05,-0.019029,-0.058912,0.019385,0.01554,0.002535,0.027251,0.035022,-0.01894,0.121767,0.096349,0.047886,0.042756,-0.026056,-0.010432,0.012753,-0.018505,-0.050654,-0.00613,0.009232,-0.033557,-0.039524,-0.002033,0.008294,-0.038832,0.006739,0.001279,0.033021,0.008396,-0.006126,0.029283,0.035073,0.036933,-0.029071,0.00799,0.063024,0.008968,-0.1109,-0.02836,-0.035571,-0.029343,0.017229,0.00904,-0.029528,0.0578,0.026643,-0.008898,-0.043634,-0.000891,-0.036364,-0.002441,0.017264,-0.058402,-0.02673,-0.014957,-0.039231,0.016924,-0.017345,-0.026507,-0.037245,0.05221,-0.001528,0.005514,0.013293,0.064267,-0.059049,0.02276,-0.064334,0.00556,-0.037415,0.087295,0.060629,-0.055274,-0.01308,0.01352,0.029785,0.045238,-0.036837,-0.031365,0.005506,0.027161,-0.027768,-0.005828,0.060814,-0.083325,0.043149,-0.022083,-0.011761,0.013276,0.015085,-0.001983,0.033123,0.030113,-0.025165,0.017052,0.027139,-0.045324,-0.074278,0.012795,-0.073378,-0.02503,-0.012,0.03687,0.021347,0.075396,0.038731,-0.063641,-0.038655,0.004937,-0.013904,0.062637,0.031116,0.015897,0.091739,0.11946,-0.025411,0.015228,0.002265,0.002671,-0.088949,0.013921,0.033882,0.002428,-0.014746,0.070085,0.000325,0.029117,-0.013513,0.0042,-0.092603,0.010581,-0.059872,0.015268,0.001337,-0.033893,-0.042422,-0.032009,-0.041061,-0.041944,0.024047,-0.037503,-0.062791,-0.014557,-0.060043,0.032571,0.037402,-0.027076,-0.05369,0.056316,0.065036,0.009983,0.066855,-0.031466,0.021485,0.036505,0.003604,-0.055173,0.00898,-0.017609,0.014257,0.036967,-0.03334,-0.023928,0.018732,0.056977,0.015076,-0.035817,0.092723,0.015117,0.015198,-0.012659,-0.067005,-0.064021,-0.057303,0.071854,0.001086,0.014596,-0.061275,0.02781,0.028264,0.028911,-0.019111,-0.032085,-0.011552,-0.030884,0.020471,-0.054162,-0.050818,-0.086009,0.027676,0.064875,0.014032,0.063883,0.001716,-0.048518,0.061385,8.7e-05,0.000336,0.046219,0.027222,-0.043123,-0.02315,-0.071289,0.023696,-0.010845,-0.003049,0.052983,-0.026164,0.012059,-0.009622,-0.015788,-0.059258,-0.015308,-0.0504,0.08088,-0.042252,0.069008,-0.004013,0.090308,-0.026391,-0.001035,0.012574,0.064625,-0.026052,0.000375,-0.003421,-0.001927,-0.016264,0.020018,-0.021241,-0.054604,-0.072769,-0.110788,-0.029595,-0.092351,-0.090579,-0.038163,0.018258,-0.03583,0.023423,0.008351,-0.052784,0.041476,-0.010872,-0.025563,0.013699,-0.065332,-0.046425,-0.021458,0.04194,-0.024652,-0.0581,-0.009418,0.021975,-0.008107,-0.019828,-0.055893,-0.038964,0.027702,0.058243,-0.014564,-0.03023,-0.000235,-0.007275,0.028811,0.040185,-0.00208,-0.036051,-0.000966,0.013529,-0.003546,-0.056175,0.026564,-0.118719,0.036136,0.006858,-0.040716,-0.026537,-0.114019,-0.052045,-0.029899,0.002167,-0.041756,0.005168]', '/dashboard/data-board/file/face/face_9bf359064cc54af9a807543c4d43da08.jpg', NULL, '2026-06-21 19:45:02.532833+08');
INSERT INTO public.face_profiles (id, person_id, embedding, image_url, quality_score, created_at) VALUES (6, 8, '[-0.064387,0.108632,0.065537,-0.029056,0.034602,-0.04793,-0.032543,0.034672,0.022943,-0.011055,-0.062047,0.01373,0.071246,0.049984,0.027494,-0.027646,-0.081815,0.044751,0.057999,-0.0467,-0.045892,0.056561,0.036089,-0.003486,-0.041228,-0.054883,0.06549,-0.067644,0.015413,0.006699,-0.043814,0.018862,0.015253,0.035095,0.09411,0.06774,-0.012614,-0.025827,-0.022219,0.054099,-0.045557,0.045103,-0.066588,0.02852,-0.030061,0.004324,0.055112,-0.03308,-0.03603,0.024009,-0.016684,-0.054321,0.04092,-0.053366,-0.01951,-0.041545,-0.051058,-0.057867,0.013147,-0.033801,0.002317,-0.065674,-0.041158,0.050292,-0.036168,0.038126,-0.002028,0.007472,0.015668,0.010231,0.011284,0.002018,0.031979,-0.005687,-0.041218,-0.019367,0.018602,-0.012842,-0.043625,-0.039355,-0.022503,-0.028475,0.032044,-0.046232,0.033109,0.004539,0.082426,0.024777,-0.06799,0.038184,-0.057922,0.02373,0.028753,-0.106284,0.001605,0.027879,-0.02066,-0.052979,-0.000343,-0.034741,-0.06647,-0.022658,-0.104559,-0.038046,0.004706,-0.061811,0.024825,-0.033622,0.04118,-0.05758,-0.029622,-0.043489,0.001122,-0.063686,0.05712,0.031713,-0.002927,-0.063167,-0.023474,0.096161,0.02274,-0.011981,-0.030195,-0.007616,0.03085,0.037191,0.101192,0.036579,0.082998,-0.042954,-0.029047,0.001877,0.003056,0.02688,-0.021685,-0.044117,-0.045316,0.036643,0.031815,0.035277,-0.017586,0.01462,-0.005186,0.054346,0.058887,0.012684,-0.037555,0.022901,-0.040792,0.031143,0.017208,0.038655,-0.011775,0.031514,0.068027,0.01536,0.091047,-0.009793,0.008906,0.044895,0.060957,0.049067,-0.010838,0.087914,-0.081605,-0.058926,-0.024328,-0.017225,-0.066317,-0.038914,0.004709,0.012635,-0.026743,0.003805,-0.025529,0.000936,0.040542,-0.050034,-0.068874,-0.060442,0.011158,0.027835,-0.022946,-0.034521,0.014381,-0.038293,-0.036179,-0.032756,0.071833,0.039658,-0.056703,-0.048257,0.036333,-0.057018,0.00065,0.001076,-0.014315,-0.018112,0.030028,-0.035071,-0.011789,-0.116886,-0.010961,0.022945,-0.072117,-0.051284,0.002309,-0.013366,-0.002752,0.071911,0.025071,-0.002508,0.040226,-0.041977,-0.064461,0.029157,0.001057,-0.002167,0.048362,-0.113258,-0.008118,0.114757,0.018961,0.031444,-0.006873,-0.078695,0.018864,-0.04578,0.027001,-0.009726,0.036772,-0.04381,-0.007778,0.007274,0.050662,-0.01715,-0.033962,0.033494,-0.018405,-0.021586,0.098805,0.017161,0.082062,-0.006046,-0.004728,-0.017415,0.071189,0.064264,-0.055448,-0.036464,0.008672,-0.051975,0.025425,0.048641,0.032739,0.033554,0.011387,-0.049615,0.014671,-0.036886,-0.034952,-0.003281,0.013027,0.001965,-0.002673,-0.026993,0.00644,-0.016619,0.054841,0.000335,-0.028938,-0.024906,0.022649,0.013186,-0.018603,-0.033586,-0.042611,0.003502,0.012383,0.054304,-0.116041,-0.06662,0.12077,0.056857,-0.065541,0.021398,-0.003472,0.018167,0.016832,-0.057243,0.081595,-0.000202,0.011764,-0.021939,0.038864,-0.003484,0.025921,-0.020118,-0.044664,0.050798,0.005341,-0.035651,-0.052097,0.105311,0.04683,0.023488,-0.067214,0.021453,-0.059941,-0.085626,-0.024548,0.026091,-0.004946,0.079984,-0.023626,-0.061342,-0.027322,-0.01047,-0.018925,-0.014,-0.024803,-0.033522,0.077061,0.029236,-0.017593,-0.002029,-0.01493,-0.054881,-0.005438,0.032361,-0.036863,0.013739,0.062512,0.007811,-0.013418,0.002015,0.033585,-0.012066,-0.009474,0.064652,0.058198,0.093761,-0.093873,0.066396,-0.00782,-0.062029,0.031775,-0.018416,0.094084,-0.007137,-0.022584,-0.022168,-0.032913,0.023801,0.019947,0.058922,-0.053089,-0.061504,0.093682,-0.01012,0.036628,-0.015318,-0.086243,0.04264,-0.080666,0.009982,0.007545,-0.022707,0.043826,0.011876,-0.034183,0.010096,-0.038955,-0.001975,-0.013493,-0.00036,-0.00636,0.01605,0.05647,-0.003422,-0.058361,0.014715,0.002338,0.002155,-0.008751,-0.029791,0.035819,0.016491,-0.013498,0.051769,-0.042494,0.072391,0.00888,0.003608,-0.069115,0.054115,-0.013314,0.005913,0.032878,0.001549,-0.074117,0.003636,-0.012454,-0.048278,0.032625,0.03289,0.103234,-0.029574,0.038491,0.021322,-0.122531,-0.032545,0.02859,-0.086468,0.047202,-0.087889,-0.014831,0.036534,-0.025021,-0.057967,-0.017803,0.099632,0.00522,0.044192,-0.025555,0.020586,0.030618,-0.0582,0.073848,0.009738,0.022674,0.004117,0.01842,-0.060618,0.001094,-0.058237,0.119005,-0.032604,-0.009781,0.033108,0.03274,0.056297,-0.04317,0.083433,-0.116136,0.024519,0.004213,-0.012708,0.026467,0.027529,0.056895,0.026101,0.037294,0.04149,-0.0445,0.023053,-0.025661,-0.057831,-0.026567,-0.060676,-0.029053,0.010203,-0.050114,0.009492,0.004546,-0.008641,-0.057927,0.006493,0.065352,0.063296,0.030216,0.048174,0.036606,0.063873,0.02571,0.042285,-0.047359,0.034591,0.060087,0.024452,0.088782,0.014306,0.004314,0.005875,-0.059463,-0.020692,0.004785,0.079786,-0.006137,0.018771,0.049173,0.039816,-0.012558,0.032792,0.00249,-0.002003,-0.013026,0.061109,0.002616,-0.00581,-0.02472,-0.069164,0.00398,-0.03566,0.008774,-0.024539,-0.081931,-0.010361,-0.000704,-0.041541,0.001508,-0.031617]', '/dashboard/data-board/file/face/face_f46fac1d7b764b02834c545749bfe9b3.jpg', NULL, '2026-06-21 20:13:30.528979+08');
INSERT INTO public.face_profiles (id, person_id, embedding, image_url, quality_score, created_at) VALUES (7, 10, '[-0.106476,-0.013306,0.013055,0.056037,-0.013638,-0.046396,-0.011352,0.009265,-0.081551,0.042015,-0.007223,0.042076,-0.059013,0.027929,-0.033663,-0.052872,-0.063417,-0.023746,-0.075227,0.010638,0.0171,0.061539,0.041296,0.037789,-0.068819,-0.008212,0.04675,0.051616,-0.085469,0.077603,0.022756,-0.0135,-0.03794,0.014305,0.040455,0.002322,0.015695,-0.043874,0.014751,-0.032174,-0.038306,0.061784,-0.028879,-0.047302,-0.00569,-0.002213,0.025474,-0.050231,0.025625,0.070434,0.019023,0.035607,-0.069345,-0.026161,-0.028128,-0.043667,-0.020082,-0.066653,0.066294,0.021747,0.019479,-0.031083,-0.02582,0.081932,0.005782,-0.015424,0.044807,-0.024532,-0.083196,-0.065435,0.068972,0.028168,-0.075642,-0.05915,-0.036273,0.008375,0.024952,0.015633,-0.035923,0.012292,0.045301,0.031767,0.033773,0.040688,0.002585,0.015339,0.087968,0.003391,0.019012,0.020502,0.023265,0.008596,-0.020939,0.053822,-0.046522,-0.001489,-0.04235,0.041351,-0.031233,-0.068575,-0.002225,0.000651,-0.014624,-0.068252,-0.014063,0.039731,0.022923,-0.018016,0.056025,0.052853,-0.027522,0.019142,-0.011303,0.018309,0.060503,-0.034457,0.038103,-0.030007,0.010584,0.119916,0.026426,0.019611,0.032791,0.081997,-0.021807,0.027341,0.005224,-0.056083,0.01662,-0.029201,-0.088598,0.021805,0.013973,0.032958,0.014017,0.033721,0.026226,-0.034402,0.044406,0.018512,-0.00768,-0.010718,0.035534,0.010329,-0.022955,-0.060193,-0.002912,-0.093665,-0.05278,0.04457,-0.008619,0.047567,0.065262,0.024282,0.049091,0.057678,-0.083315,-0.040506,0.078165,-0.043525,0.033761,-0.103095,0.026432,-0.016424,0.014543,0.061747,-0.022325,0.072884,0.006231,-0.019544,-0.064178,0.027944,0.010236,0.037128,0.04918,-0.046781,0.114602,0.035532,0.076632,0.00921,-0.000351,-0.090246,0.029523,-0.004686,-0.011456,0.064788,0.012642,-0.033527,-0.006191,-0.033885,0.043957,-0.081885,-0.026344,0.024549,-0.035799,0.004428,-0.018568,0.007427,0.059715,0.01499,0.0226,0.025799,0.020514,0.028226,-0.067038,-0.059009,-0.028814,-0.006435,-0.015474,-0.084449,-0.027323,0.033798,0.082312,0.001308,0.001523,-0.037723,0.007419,-0.058434,-0.002705,-0.043714,-0.023789,0.030727,-0.056517,-0.016464,-0.061721,-0.005644,-0.014985,-0.072624,-0.01889,0.036449,-0.044406,-0.051308,0.028086,-0.062252,0.053408,-0.004806,-0.081997,0.060611,-0.015922,0.006188,-0.006963,-0.088226,0.007399,-0.007395,-0.041646,-0.035173,0.027423,0.029582,-0.052186,-0.017203,0.041632,0.000957,-0.057421,0.010753,0.046081,0.03622,0.059119,-0.050061,0.064822,-0.069508,0.03451,-0.00909,0.040764,0.052935,-0.048776,0.076451,0.045887,0.045012,0.046834,-0.088099,0.009893,-0.017951,-0.017277,0.011509,0.00121,0.00644,0.063748,-0.018019,0.029431,0.031961,-0.091254,0.012214,-0.02718,-0.006734,0.016729,0.092797,-0.110045,-0.046204,-0.067947,0.007232,-0.037402,0.039482,0.011962,-0.019777,0.031108,-0.018124,0.014622,-0.095154,0.054572,-0.055577,-0.018206,0.019225,-0.00405,0.060055,-0.054801,0.00782,-0.047039,0.045433,-0.075056,-0.006609,0.020195,-0.034574,-0.031018,0.055747,0.045109,0.027793,-0.008541,-0.028319,0.000244,-0.01364,0.081912,-0.001842,-0.005021,-0.012422,-0.053512,0.049763,0.042135,-0.05367,0.027969,-0.022571,-0.049087,0.003642,0.047828,0.064955,0.04002,-0.010895,0.008547,0.004374,0.106324,-0.071512,0.029791,0.05023,0.027618,0.001695,0.012962,-0.020794,0.045875,0.025567,-0.051489,0.104473,0.100974,0.0097,0.017678,0.035808,0.000533,0.003904,0.004422,-0.055819,0.012703,-0.034074,-0.037993,-0.02827,-0.096268,0.037211,-0.037332,-0.058029,0.022431,0.047755,-0.099273,0.059397,0.000579,-0.112098,0.013946,0.074246,-0.023362,0.0576,0.033677,-0.014124,0.041605,0.12791,0.01561,-0.025908,-0.015295,0.0008,0.014852,-0.014066,-0.049213,0.008543,0.024595,-0.040637,0.058288,0.014173,-0.005064,0.024268,-0.004523,-0.067747,-0.002908,0.013414,0.063658,-0.003493,-0.019626,0.035104,0.025877,0.001866,0.02219,-0.014864,0.067951,0.033319,0.061672,0.070977,-0.050161,0.052489,0.058059,0.038311,-0.034834,0.02736,-0.016849,0.109019,0.008214,-0.05629,-0.010359,-0.05174,0.006282,0.067974,0.034152,-0.058249,0.077891,0.001564,-0.013385,0.019572,-0.000785,0.017299,0.068957,0.027994,0.031516,-0.056515,-0.007295,0.070999,0.005825,-0.035295,-0.043775,-0.03532,0.02817,-0.02647,-0.043307,5.3e-05,0.092125,-0.055956,-0.022153,-0.047789,-0.051686,-0.062795,0.012485,-0.039829,0.029742,0.045333,-0.006845,-0.026934,-0.064471,-0.051985,-0.010321,-0.031875,-0.055371,0.052305,0.006196,-0.059897,0.007999,0.031081,0.001931,-0.031715,-0.022721,-0.010481,-0.022218,0.004035,-0.025694,-0.018737,0.001146,-0.007543,0.047876,0.006669,0.02663,-0.019158,-0.012786,-0.010153,-0.015237,-0.021067,0.085283,0.039085,-0.005251,0.008045,0.049572,0.000243,-0.012239,0.073956,-0.03526,0.031782,-0.011307,0.016788,-0.008876,0.005893,0.056716,-0.036013,0.01919,-0.027729,-0.049759,-0.088569,-0.05263,-0.041684,-0.029962,-0.116085,-0.063705,0.031466]', '/dashboard/data-board/file/face/face_10fdc0b56a054076874e25abd838ee23.jpg', NULL, '2026-06-21 21:29:56.2342+08');


--
-- Data for Name: person_daily_attendance; Type: TABLE DATA; Schema: public; Owner: postgres
--

INSERT INTO public.person_daily_attendance (id, stat_date, person_id, camera_id, first_enter_at, last_exit_at, total_dwell_seconds, enter_count, attendance_status, is_attended, current_session_id, updated_at) VALUES (1, '2026-06-01', 1, 1, '2026-06-01 19:58:50+08', '2026-06-01 20:00:13+08', 166, 1, 'left', true, NULL, '2026-06-15 17:52:42.640635+08');
INSERT INTO public.person_daily_attendance (id, stat_date, person_id, camera_id, first_enter_at, last_exit_at, total_dwell_seconds, enter_count, attendance_status, is_attended, current_session_id, updated_at) VALUES (2, '2026-06-01', 2, 1, '2026-06-01 20:00:27+08', NULL, 0, 1, 'left', true, NULL, '2026-06-15 17:52:42.640635+08');
INSERT INTO public.person_daily_attendance (id, stat_date, person_id, camera_id, first_enter_at, last_exit_at, total_dwell_seconds, enter_count, attendance_status, is_attended, current_session_id, updated_at) VALUES (3, '2026-06-20', 1, 1, '2026-06-20 21:00:00+08', '2026-06-20 21:05:00+08', 300, 1, 'left', true, NULL, '2026-06-20 20:53:34.961478+08');
INSERT INTO public.person_daily_attendance (id, stat_date, person_id, camera_id, first_enter_at, last_exit_at, total_dwell_seconds, enter_count, attendance_status, is_attended, current_session_id, updated_at) VALUES (4, '2026-06-21', 4, 1, '2026-06-21 17:55:04+08', NULL, 0, 1, 'present', true, 5, '2026-06-21 17:55:04.591589+08');
INSERT INTO public.person_daily_attendance (id, stat_date, person_id, camera_id, first_enter_at, last_exit_at, total_dwell_seconds, enter_count, attendance_status, is_attended, current_session_id, updated_at) VALUES (5, '2026-06-21', 5, 1, '2026-06-21 18:07:29+08', '2026-06-21 19:39:59.77+08', 5550, 1, 'left', true, NULL, '2026-06-21 19:44:44.67173+08');
INSERT INTO public.person_daily_attendance (id, stat_date, person_id, camera_id, first_enter_at, last_exit_at, total_dwell_seconds, enter_count, attendance_status, is_attended, current_session_id, updated_at) VALUES (6, '2026-06-21', 6, 1, '2026-06-21 19:40:11.37+08', '2026-06-21 20:23:14+08', 2570, 2, 'left', true, NULL, '2026-06-21 20:23:14.854381+08');
INSERT INTO public.person_daily_attendance (id, stat_date, person_id, camera_id, first_enter_at, last_exit_at, total_dwell_seconds, enter_count, attendance_status, is_attended, current_session_id, updated_at) VALUES (10, '2026-06-21', 8, 1, '2026-06-21 20:08:05.4+08', '2026-06-21 21:23:04+08', 4498, 1, 'left', true, NULL, '2026-06-21 21:23:04.934264+08');
INSERT INTO public.person_daily_attendance (id, stat_date, person_id, camera_id, first_enter_at, last_exit_at, total_dwell_seconds, enter_count, attendance_status, is_attended, current_session_id, updated_at) VALUES (7, '2026-06-21', 7, 1, '2026-06-21 19:40:16.17+08', '2026-06-21 21:28:22+08', 6471, 2, 'left', true, NULL, '2026-06-21 21:28:22.7807+08');
INSERT INTO public.person_daily_attendance (id, stat_date, person_id, camera_id, first_enter_at, last_exit_at, total_dwell_seconds, enter_count, attendance_status, is_attended, current_session_id, updated_at) VALUES (11, '2026-06-21', 9, 1, '2026-06-21 21:29:52+08', NULL, 0, 1, 'present', true, 12, '2026-06-21 21:29:53.006983+08');
INSERT INTO public.person_daily_attendance (id, stat_date, person_id, camera_id, first_enter_at, last_exit_at, total_dwell_seconds, enter_count, attendance_status, is_attended, current_session_id, updated_at) VALUES (12, '2026-06-21', 10, 1, '2026-06-21 21:29:56+08', NULL, 0, 1, 'present', true, 13, '2026-06-21 21:29:56.2342+08');


--
-- Name: ai_analysis_results_id_seq; Type: SEQUENCE SET; Schema: public; Owner: postgres
--

SELECT pg_catalog.setval('public.ai_analysis_results_id_seq', 1, false);


--
-- Name: attendance_daily_stats_id_seq; Type: SEQUENCE SET; Schema: public; Owner: postgres
--

SELECT pg_catalog.setval('public.attendance_daily_stats_id_seq', 1, true);


--
-- Name: behavior_logs_id_seq; Type: SEQUENCE SET; Schema: public; Owner: postgres
--

SELECT pg_catalog.setval('public.behavior_logs_id_seq', 30, true);


--
-- Name: body_profiles_id_seq; Type: SEQUENCE SET; Schema: public; Owner: postgres
--

SELECT pg_catalog.setval('public.body_profiles_id_seq', 9, true);


--
-- Name: camera_id_seq; Type: SEQUENCE SET; Schema: public; Owner: postgres
--

SELECT pg_catalog.setval('public.camera_id_seq', 2068, true);


--
-- Name: device_type_id_seq; Type: SEQUENCE SET; Schema: public; Owner: postgres
--

SELECT pg_catalog.setval('public.device_type_id_seq', 1, true);


--
-- Name: face_profiles_id_seq; Type: SEQUENCE SET; Schema: public; Owner: postgres
--

SELECT pg_catalog.setval('public.face_profiles_id_seq', 7, true);


--
-- Name: person_daily_attendance_id_seq; Type: SEQUENCE SET; Schema: public; Owner: postgres
--

SELECT pg_catalog.setval('public.person_daily_attendance_id_seq', 12, true);


--
-- Name: persons_id_seq; Type: SEQUENCE SET; Schema: public; Owner: postgres
--

SELECT pg_catalog.setval('public.persons_id_seq', 10, true);


--
-- Name: presence_sessions_id_seq; Type: SEQUENCE SET; Schema: public; Owner: postgres
--

SELECT pg_catalog.setval('public.presence_sessions_id_seq', 13, true);


--
-- Name: presence_video_clips_id_seq; Type: SEQUENCE SET; Schema: public; Owner: postgres
--

SELECT pg_catalog.setval('public.presence_video_clips_id_seq', 41, true);


--
-- PostgreSQL database dump complete
--

\unrestrict tlpdcH2cz8XCLCLghzAEeLRx6l5wJ1h3Jna5M2jjucuRdi9Tg7j2K8oJgFxn6N2

